확인 완료 체크,ID,프로젝트,구분,기능군,기능,경로,세부 동작,현재 판정,우선순위,화면 확인,이번 로컬 실행,운영 전과정 성공,다음 확인,완료 판정 공통,코드 근거,API·연결,관련 테스트·정적 근거(통과 뜻 아님),승인 경계,확인일,담당·결과 기록
미완료,PUB-01,웹,고객,탐색,홈 편집형 여행 안내·지역 진입,/,홈 편집형 여행 안내·지역 진입,부분 검증,P2,"/ 홈 / 1440·390px, API·외부통신 차단",기능별 추가 실행 없음; 관련 테스트 파일 존재만 확인,미확인: 실제 계정·저장·발송·결제 완료를 뜻하지 않음,데스크톱/모바일 주요 CTA와 목적지 경로 실화면 확인,해당 역할에서 정상 흐름 및 필수입력·서버 오류·중복제출(해당 시)을 검증하고 결과와 날짜를 기록,HomePage → HomeEditorial (src/App.tsx),정적 카탈로그/컴포넌트 데이터; 클릭 목적지별 연결,tests/visual/landing-mobile.spec.ts,재현 가능한 비민감 코드 변경은 계획 확정 후; 이번 점검에서 제품 수정 없음,2026-09-23,
미완료,PUB-02,웹,고객,탐색,지역별 상세·투어/플래너 연결,/region/:regionId,지역별 상세·투어/플래너 연결,부분 검증,P2,"/region/seoul 한 지역 / 1440·390px, API·외부통신 차단",기능별 추가 실행 없음; 관련 테스트 파일 존재만 확인,미확인: 실제 계정·저장·발송·결제 완료를 뜻하지 않음,"유효/잘못된 regionId, CTA 목적지",해당 역할에서 정상 흐름 및 필수입력·서버 오류·중복제출(해당 시)을 검증하고 결과와 날짜를 기록,RegionDetail,지역·투어 카탈로그,,재현 가능한 비민감 코드 변경은 계획 확정 후; 이번 점검에서 제품 수정 없음,2026-09-23,
미완료,PUB-03,웹,고객,투어,투어 목록 검색·지역/기간/태그/속도/언어 필터,/tours,투어 목록 검색·지역/기간/태그/속도/언어 필터,부분 검증 — 로컬 실행 범위만 확인; 운영 미확인,P2,"/tours / 1440·390px, API·외부통신 차단",투어 목록 실제 브라우저 390×844 한국어 대표 필터 1케이스 통과. 외부 통신 대체.,미확인: 실제 계정·저장·발송·결제 완료를 뜻하지 않음,필터 전체 조합·언어별 확인,해당 역할에서 정상 흐름 및 필수입력·서버 오류·중복제출(해당 시)을 검증하고 결과와 날짜를 기록,ToursPage,"투어 정적 데이터, 필터는 화면 상태",tests/e2e/tours-catalog-editorial.spec.ts,재현 가능한 비민감 코드 변경은 계획 확정 후; 이번 점검에서 제품 수정 없음,2026-09-23,"Astra 통합/검수, Luna 구현·검사. 실행별 상세: docs/qa/README.md 및 플래너 점검 기록"
미완료,PUB-04,웹,고객,투어,투어 상세·사진·연관 상품·제휴 링크,/tours/:slug,투어 상세·사진·연관 상품·제휴 링크,부분 검증 — 로컬 실행 범위만 확인; 운영 미확인,P2,이번 화면 검사 대상 아님,상세 준비/오류/없는 상품 화면 assertion 통과. 콘솔 검사에서 격리 418/Firestore 차단 로그로 실패; 제품 pageerror 없음. 완전 통과로 집계하지 않음.,미확인: 실제 계정·저장·발송·결제 완료를 뜻하지 않음,차단된 외부 경계의 응답을 명시한 뒤 콘솔 검사 재확인; 실상품 연결,해당 역할에서 정상 흐름 및 필수입력·서버 오류·중복제출(해당 시)을 검증하고 결과와 날짜를 기록,TourDetailPage,투어 데이터; 제휴 URL 외부 이동,tests/e2e/tour-detail-editorial.spec.ts,재현 가능한 비민감 코드 변경은 계획 확정 후; 이번 점검에서 제품 수정 없음,2026-09-23,"Astra 통합/검수, Luna 구현·검사. 실행별 상세: docs/qa/README.md 및 플래너 점검 기록"
미완료,PUB-05,웹,고객,투어 예약,투어 날짜/회차/인원 선택과 예약 대화상자,/tours/:slug,투어 날짜/회차/인원 선택과 예약 대화상자,부분 검증 — UI 요청·백엔드 각각 실행; 전체 연결 미확인,P1 검증,이번 화면 검사 대상 아님,실제 capture→합성DB 예약/슬롯확정→authFetch/my-bookings 조회; 토큰누락401·DB불가503 포함 3개 통과. UI모사 제거. PayPal/환율/알림/후속처리 대역. 추가 scratch UI4개 통과: Step2 복원 후 실제 필수입력/요청 생성/성공·503/로딩 후 재클릭. HTTP·SDK·월별 슬롯 조회 대역. 날짜·회차 UI와 서버 전체 연결은 제외.,미확인: 실제 계정·저장·발송·결제 완료를 뜻하지 않음,실제 예약UI→주문생성API→동일예약내역 연결; 실결제는 별도 승인,해당 역할에서 정상 흐름 및 필수입력·서버 오류·중복제출(해당 시)을 검증하고 결과와 날짜를 기록,TourDetailPage → TourBookingDialog / SlotPicker,예약 API/PayPal 하위 컴포넌트; 정확 엔드포인트는 고객 플로우 동적,tests/unit/lint-tour-dialog-sync.test.tsx | tests/unit/no-fake-tour-ratings.test.ts,금액·예약·정산·잔액 변경 및 실제 처리 별도 승인,2026-09-23,"Luna UI 격리4PASS/ESLint0, Astra 검수. 로컬 근거 tmp/system-cleanup-20260923/tour-ui-check/; 백엔드3PASS와 전 과정 성공으로 합산하지 않음."
미완료,PUB-06,웹,고객,투어,투어 문의·취소/환불정책 보기,/tours/:slug,투어 문의·취소/환불정책 보기,코드 존재·기능 실행 미확인,P2,이번 화면 검사 대상 아님,기능별 추가 실행 없음; 관련 테스트 파일 존재만 확인,미확인: 실제 계정·저장·발송·결제 완료를 뜻하지 않음,문의 제출 및 정책 모달 동작,해당 역할에서 정상 흐름 및 필수입력·서버 오류·중복제출(해당 시)을 검증하고 결과와 날짜를 기록,TourDetailPage → TourInquireModal / TourCancellationSection / RefundPolicyModal,문의 전송 경로는 modal 구현 의존,,실발송·발행·외부 계정/키 변경 별도 승인,2026-09-23,
미완료,PUB-07,웹,고객,차터,새 전세차량 견적 위저드·견적/문의·결제 패널,/charter,새 전세차량 견적 위저드·견적/문의·결제 패널,부분 검증 — 로컬 실행 범위만 확인; 운영 미확인,P1 검증,"/charter / 1440·390px, API·외부통신 차단","실제 차터 브라우저 10개, InquiryForm→submit handler→로컬 Firestore emulator 10개 통과. 문의 response workflow/API 53개 통과. 실제 발송 차단.",미확인: 실제 계정·저장·발송·결제 완료를 뜻하지 않음,"운영 문의 저장/응답 전달, 요금·결제는 별도 승인 범위",해당 역할에서 정상 흐름 및 필수입력·서버 오류·중복제출(해당 시)을 검증하고 결과와 날짜를 기록,CharterNewPage → CharterWizard; PayPalBookingButton,"견적·문의·예약 API, PayPal 컴포넌트",tests/e2e/charter-entry-friction.spec.ts | tests/e2e/charter-destination-editorial.spec.ts | tests/e2e/charter-funnel-probe.spec.ts | tests/unit/charter-auth-gate.test.ts | tests/unit/charter-inline-inquiry.component.test.tsx,금액·예약·정산·잔액 변경 및 실제 처리 별도 승인 | 실발송·발행·외부 계정/키 변경 별도 승인,2026-09-23,"Astra 통합/검수, Luna 구현·검사. 실행별 상세: docs/qa/README.md 및 플래너 점검 기록"
미완료,PUB-08,웹,고객,차터,레거시 차터 예약 폼,/charter-legacy,레거시 차터 예약 폼,코드 존재·기능 실행 미확인,P2,이번 화면 검사 대상 아님,기능별 추가 실행 없음; 관련 테스트 파일 존재만 확인,미확인: 실제 계정·저장·발송·결제 완료를 뜻하지 않음,로그인 후 구형 폼 동작 및 사용 여부 확인,해당 역할에서 정상 흐름 및 필수입력·서버 오류·중복제출(해당 시)을 검증하고 결과와 날짜를 기록,CharterPage (AuthRequired 내부),예약 API/PayPal,tests/e2e/charter-local-stability.spec.ts | tests/unit/charter-auth-gate.test.ts,금액·예약·정산·잔액 변경 및 실제 처리 별도 승인,2026-09-23,
미완료,PUB-09,웹,고객,차터,구 경로 호환 리다이렉트,/charter-new,구 경로 호환 리다이렉트,부분 검증,P2,"/charter-new → /charter / 1440·390px, API·외부통신 차단",기능별 추가 실행 없음; 관련 테스트 파일 존재만 확인,미확인: 실제 계정·저장·발송·결제 완료를 뜻하지 않음,직접 접속 후 최종 URL,해당 역할에서 정상 흐름 및 필수입력·서버 오류·중복제출(해당 시)을 검증하고 결과와 날짜를 기록,Navigate → /charter,없음,,재현 가능한 비민감 코드 변경은 계획 확정 후; 이번 점검에서 제품 수정 없음,2026-09-23,
미완료,PUB-10,웹,고객,플래너,AI 일정 설문·무료 미리보기/유료 생성,/planner,AI 일정 설문·무료 미리보기/유료 생성,부분 검증 — 로컬 실행 범위만 확인; 운영 미확인,P1,"/planner 설문 첫 화면 / 1440·390px, API·외부통신 차단","quick UI→handler 5개/브라우저 2폭; full legacy·block 동기와 block worker callback→저장→get-plan, 생성/저장 실패 5개 통과. 외부SDK/스케줄러 대역. 중복 요청 및 영어 안내 혼입 수정.",미확인: 실제 계정·저장·발송·결제 완료를 뜻하지 않음,실제 작업 예약/재시도·streaming/3pass·운영 생성/실주문 연결,해당 역할에서 정상 흐름 및 필수입력·서버 오류·중복제출(해당 시)을 검증하고 결과와 날짜를 기록,PlannerPage → PlannerForm/usePlannerHandlers,"POST /api/ai-planner-quick, /api/ai-planner-full; 결제 컴포넌트",tests/unit/planner-preview-journey.integration.test.tsx | tests/unit/planner-free-preview-truthfulness.test.ts | tests/unit/ai-planner-quick-validation.test.ts,금액·예약·정산·잔액 변경 및 실제 처리 별도 승인,2026-09-23,"Astra 통합/검수, Luna 구현·검사. 실행별 상세: docs/qa/README.md 및 플래너 점검 기록"
미완료,PUB-11,웹,고객,플래너,플래너 이어서 편집·재생성,/planner,플래너 이어서 편집·재생성,중복 코스 선택 수정 운영 반영 / 실제 운영 복구 미확인 / 다양성 실패 유지,P1,이번 화면 검사 대상 아님,"선택→확장→최종 판정 관련198 PASS; 새 중복8개, 진단3개 포함. 필수 전체 검사 통과. 운영 /planner 2너비 진입 PASS(API 차단).",미확인: 실제 계정·저장·발송·결제 완료를 뜻하지 않음,"저장된 수정 맥락 유무, 변경 요청과 재생성",해당 역할에서 정상 흐름 및 필수입력·서버 오류·중복제출(해당 시)을 검증하고 결과와 날짜를 기록,PlannerPage → usePlannerHandlers.handleRevisionSubmit/handleRevisionRegenerate,POST /api/ai-planner-full; revision snapshot storage,tests/unit/planner-revision-snapshot.test.ts | tests/unit/ai-planner-modify-flow-pr128.test.ts,금액·예약·정산·잔액 변경 및 실제 처리 별도 승인,2026-09-23,Astra 검수·배포 / Luna 구현. PR1409 MERGED·운영 READY; PR1410 진단 기록 보완 MERGED. 실제 생성·저장 성공을 보장하지 않음. / 최근 회피 개선에서 gate.isRevision이면 새 food/block 이력을 전달하지 않는 연결을 코드 검토. 실제 수정 요청 UI/API 전체 실행은 이번에 하지 않음.
미완료,PUB-12,웹,고객,여행 계획,내 일정 목록·탭/검색/더 불러오기,/my-plans,내 일정 목록·탭/검색/더 불러오기,부분 검증,P2,"/my-plans 로그인 안내 / 1440·390px, API·외부통신 차단",로그인 필요 화면 공통 구성 10개 통과,미확인: 실제 계정·저장·발송·결제 완료를 뜻하지 않음,로그인·페이지 추가 로드·비어있음/오류,해당 역할에서 정상 흐름 및 필수입력·서버 오류·중복제출(해당 시)을 검증하고 결과와 날짜를 기록,MyPlansPage (AuthRequired),Firestore users/{uid}/plans,tests/e2e/my-plans-editorial.spec.ts | tests/unit/my-plans-editorial-shell.component.test.tsx,재현 가능한 비민감 코드 변경은 계획 확정 후; 이번 점검에서 제품 수정 없음,2026-09-23,
미완료,PUB-13,웹,고객,여행 계획,일정 상세 표시·수정/저장,/my-plans/:planId,일정 상세 표시·수정/저장,부분 검증 — 로컬 실행 범위만 확인; 운영 미확인,P1 검증,이번 화면 검사 대상 아님,full 생성으로 저장된 동일 JSON을 실제 get-plan으로 읽고 DEV localPlan 상세 화면에서 1280/390px 확인. 문서 편집·실계정 목록은 별도.,미확인: 실제 계정·저장·발송·결제 완료를 뜻하지 않음,"운영 인증/실시간 조회·수정·새로고침, 실제 worker 재시도",해당 역할에서 정상 흐름 및 필수입력·서버 오류·중복제출(해당 시)을 검증하고 결과와 날짜를 기록,PlanDetailPage,Firestore/API (plan access); /local-plans/{fixture}.json 데모 경로 존재,tests/unit/planner-persistence.boundary.test.ts | tests/e2e/plan-detail-editorial.spec.ts | tests/unit/lint-plan-detail-auth-lifecycle.component.test.tsx,재현 가능한 비민감 코드 변경은 계획 확정 후; 이번 점검에서 제품 수정 없음,2026-09-23,"Astra 통합/검수, Luna 구현·검사. 실행별 상세: docs/qa/README.md 및 플래너 점검 기록"
미완료,PUB-14,웹,고객,여행 계획,일정 PDF 저장·언어 번역,/my-plans/:planId,일정 PDF 저장·언어 번역,부분 검증 — 로컬 실행 범위만 확인; 운영 미확인,P1 검증,이번 화면 검사 대상 아님,"같은 저장 JSON→실제 상세 PDF버튼→2페이지 생성·렌더 확인. 영어 숙소 출발/복귀 표시명·교통 안내 혼입 보완. 지도용 원문은 보존. 외부 폰트 대역. 별도 Preview 자동CI: 실제 검사용 계정/기존 일정→서버 PDF8페이지·490.3KB, 내용/글꼴6기준 통과. 새 합성 일정의 운영 저장 근거 아님.",미확인: 실제 계정·저장·발송·결제 완료를 뜻하지 않음,실제 폰트·다른 언어/긴 일정·페이지 경계·운영다운로드,해당 역할에서 정상 흐름 및 필수입력·서버 오류·중복제출(해당 시)을 검증하고 결과와 날짜를 기록,PlanDetailPage → pdfGenerator / useAutoTranslate,브라우저 PDF 생성; 번역 API,PDF 실제 생성·렌더 확인: tmp/planner-pdf-share-20260923/; 관련 tests 기존 항목은 테스트 존재 근거,재현 가능한 비민감 코드 변경은 계획 확정 후; 이번 점검에서 제품 수정 없음,2026-09-23,"Astra 통합/검수, Luna 구현·검사. 실행별 상세: docs/qa/README.md 및 플래너 점검 기록; Preview PDF run35861938209 실행 로그 확인"
미완료,PUB-15,웹,고객,여행 계획,공유 링크 생성·공유 보기,/my-plans/:planId?shared=1,공유 링크 생성·공유 보기,부분 검증 — 로컬 실행 범위만 확인; 운영 미확인,P1 검증,이번 화면 검사 대상 아님,공유 컴포넌트 3개 통과; 저장 문서 상세 브라우저에서 비공개 공유 버튼 차단 확인. native share/clipboard·Firebase SDK 대역.,미확인: 실제 계정·저장·발송·결제 완료를 뜻하지 않음,실제 공개전환 권한/공유받은 계정 열람/OS 공유창,해당 역할에서 정상 흐름 및 필수입력·서버 오류·중복제출(해당 시)을 검증하고 결과와 날짜를 기록,PlanDetailPage → ShareButton,공유 토큰/API; OG 경로 서버 설정,tests/unit/plandetail-share-button.component.test.tsx; HTTP 호출 0회 확인,재현 가능한 비민감 코드 변경은 계획 확정 후; 이번 점검에서 제품 수정 없음,2026-09-23,"Astra 통합/검수, Luna 구현·검사. 실행별 상세: docs/qa/README.md 및 플래너 점검 기록"
미완료,PUB-16,웹,고객,여행 계획,공유 코스 보기 후 내 플래너로 시작,/s/:id,공유 코스 보기 후 내 플래너로 시작,코드 존재·기능 실행 미확인,P2,이번 화면 검사 대상 아님,기능별 추가 실행 없음; 관련 테스트 파일 존재만 확인,미확인: 실제 계정·저장·발송·결제 완료를 뜻하지 않음,없는/만료 ID와 일정 선택·플래너 전달,해당 역할에서 정상 흐름 및 필수입력·서버 오류·중복제출(해당 시)을 검증하고 결과와 날짜를 기록,SharedCoursePage,GET /api/course-share?id=…,tests/e2e/shared-course-editorial.spec.ts,재현 가능한 비민감 코드 변경은 계획 확정 후; 이번 점검에서 제품 수정 없음,2026-09-23,
미완료,PUB-17,웹,고객,여행 계획,지도에서 내 계획/날짜 동선 보기,/map,지도에서 내 계획/날짜 동선 보기,부분 검증,P2,"/map 로그인 안내 / 1440·390px, API·외부통신 차단",로그인 필요 화면 공통 구성 10개 통과,미확인: 실제 계정·저장·발송·결제 완료를 뜻하지 않음,로그인/계획 없음/좌표 누락·지도 타일 네트워크,해당 역할에서 정상 흐름 및 필수입력·서버 오류·중복제출(해당 시)을 검증하고 결과와 날짜를 기록,MapPage,Firestore users/{uid}/plans; 지도 라이브러리,tests/e2e/map-editorial.spec.ts | tests/unit/map-editorial-shell.component.test.tsx,재현 가능한 비민감 코드 변경은 계획 확정 후; 이번 점검에서 제품 수정 없음,2026-09-23,
미완료,PUB-18,웹,고객,계정,Google/전화 인증 진입·로그인 복귀,"전역 + /mypage,/my-plans",Google/전화 인증 진입·로그인 복귀,코드 존재·기능 실행 미확인,P2,이번 화면 검사 대상 아님,기능별 추가 실행 없음; 관련 테스트 파일 존재만 확인,미확인: 실제 계정·저장·발송·결제 완료를 뜻하지 않음,실 Google OAuth/전화 SMS는 실제 인증환경 필요,해당 역할에서 정상 흐름 및 필수입력·서버 오류·중복제출(해당 시)을 검증하고 결과와 날짜를 기록,RouteLanguageProvider/AuthRequired/PhoneSignInModal/firebase redirect handler,Firebase Auth,tests/e2e/auth-required-focus.spec.ts | tests/unit/auth-phone.test.ts | tests/unit/guest-anon-auth.test.ts,인증·권한·고객정보 변경/실데이터 접근 별도 승인,2026-09-23,
미완료,PUB-19,웹,고객,계정,프로필·최근 계획·예약 요약·위시리스트·쿠폰·리뷰·Trip Coin·탈퇴,/mypage,프로필·최근 계획·예약 요약·위시리스트·쿠폰·리뷰·Trip Coin·탈퇴,부분 검증,P2,"/mypage 로그인 안내 / 1440·390px, API·외부통신 차단",로그인 필요 화면 공통 구성 10개 통과,미확인: 실제 계정·저장·발송·결제 완료를 뜻하지 않음,"각 탭의 실제 계정 데이터, 환불/잔액성 동작은 운영자 승인 테스트",해당 역할에서 정상 흐름 및 필수입력·서버 오류·중복제출(해당 시)을 검증하고 결과와 날짜를 기록,MyPage + loyalty/reviews tabs,"Firestore users/plans, loyalty 관련 API; wttr.in 날씨 조회",tests/e2e/mypage-editorial.spec.ts | tests/unit/mypage-editorial-shell.component.test.tsx | tests/unit/lint-identity-profile-bookings.component.test.tsx,금액·예약·정산·잔액 변경 및 실제 처리 별도 승인 | 인증·권한·고객정보 변경/실데이터 접근 별도 승인,2026-09-23,
미완료,PUB-20,웹,고객,계정,회원 탈퇴 요청 안내/처리,/account-deletion,회원 탈퇴 요청 안내/처리,코드 존재·기능 실행 미확인,P2,이번 화면 검사 대상 아님,기능별 추가 실행 없음; 관련 테스트 파일 존재만 확인,미확인: 실제 계정·저장·발송·결제 완료를 뜻하지 않음,요청 제출부터 데이터 삭제 결과까지 별도 승인된 테스트 계정으로 확인,해당 역할에서 정상 흐름 및 필수입력·서버 오류·중복제출(해당 시)을 검증하고 결과와 날짜를 기록,AccountDeletion,계정 삭제 API/인증 경계 확인 필요,,인증·권한·고객정보 변경/실데이터 접근 별도 승인,2026-09-23,
미완료,PUB-21,웹,고객,커뮤니티,게시글 목록·검색·주제/정렬·좋아요·신고·번역,/community,게시글 목록·검색·주제/정렬·좋아요·신고·번역,부분 검증,P2,"/community API 차단 시 오류·재시도 화면 / 1440·390px, API·외부통신 차단",기능별 추가 실행 없음; 관련 테스트 파일 존재만 확인,미확인: 실제 계정·저장·발송·결제 완료를 뜻하지 않음,"실 API 연결, 게스트/로그인 경계, 신고 및 번역 응답",해당 역할에서 정상 흐름 및 필수입력·서버 오류·중복제출(해당 시)을 검증하고 결과와 날짜를 기록,CommunityPage/PostCard,"/api/community-posts, community-post-actions, community-translate",tests/e2e/community-editorial.spec.ts | tests/unit/community-safety-gate.test.ts | tests/unit/community-public-privacy.test.ts,재현 가능한 비민감 코드 변경은 계획 확정 후; 이번 점검에서 제품 수정 없음,2026-09-23,
미완료,PUB-22,웹,고객,커뮤니티,게시글 상세·댓글/답글·삭제,/community/post/:postId,게시글 상세·댓글/답글·삭제,코드 존재·기능 실행 미확인,P2,이번 화면 검사 대상 아님,기능별 추가 실행 없음; 관련 테스트 파일 존재만 확인,미확인: 실제 계정·저장·발송·결제 완료를 뜻하지 않음,"댓글 생성·삭제, 소유권/숨김 게시글 검사",해당 역할에서 정상 흐름 및 필수입력·서버 오류·중복제출(해당 시)을 검증하고 결과와 날짜를 기록,CommunityPostPage,"community-posts, community-post-actions API",tests/e2e/community-editorial.spec.ts | tests/unit/community-uid-leak-and-hidden-reply.test.ts,재현 가능한 비민감 코드 변경은 계획 확정 후; 이번 점검에서 제품 수정 없음,2026-09-23,
미완료,PUB-23,웹,고객,커뮤니티,게시글 작성·사진 첨부·발행,/community/new,게시글 작성·사진 첨부·발행,코드 존재·기능 실행 미확인,P2,이번 화면 검사 대상 아님,기능별 추가 실행 없음; 관련 테스트 파일 존재만 확인,미확인: 실제 계정·저장·발송·결제 완료를 뜻하지 않음,"로그인, 이미지 업로드 제한, 승인/발행 상태를 mock API로 확인",해당 역할에서 정상 흐름 및 필수입력·서버 오류·중복제출(해당 시)을 검증하고 결과와 날짜를 기록,CommunityComposePage,"community-posts, community-image API",tests/e2e/community-editorial.spec.ts | tests/unit/community-image-sanitize-p9.test.ts,실발송·발행·외부 계정/키 변경 별도 승인,2026-09-23,
미완료,PUB-24,웹,고객,커뮤니티,알림 보기,/community?tab=alerts,알림 보기,코드 존재·기능 실행 미확인,P2,이번 화면 검사 대상 아님,기능별 추가 실행 없음; 관련 테스트 파일 존재만 확인,미확인: 실제 계정·저장·발송·결제 완료를 뜻하지 않음,로그인/알림 없음·읽음상태 확인,해당 역할에서 정상 흐름 및 필수입력·서버 오류·중복제출(해당 시)을 검증하고 결과와 날짜를 기록,CommunityAlertsView,GET /api/community-notifications,,재현 가능한 비민감 코드 변경은 계획 확정 후; 이번 점검에서 제품 수정 없음,2026-09-23,
미완료,PUB-25,웹,고객,여행 가이드,가이드 목록·본문·내부 링크,"/guide, /guide/:slug",가이드 목록·본문·내부 링크,부분 검증,P2,"/guide 목록 / 1440·390px, API·외부통신 차단",기능별 추가 실행 없음; 관련 테스트 파일 존재만 확인,미확인: 실제 계정·저장·발송·결제 완료를 뜻하지 않음,모든 slug·언어·잘못된 slug 404 처리,해당 역할에서 정상 흐름 및 필수입력·서버 오류·중복제출(해당 시)을 검증하고 결과와 날짜를 기록,GuideIndexPage/GuideDetailPage,정적 editorial guide content,tests/unit/editorial-guide.component.test.tsx | tests/unit/editorial-guide-content.test.ts | tests/unit/guide-internal-links.test.ts | tests/e2e/guide-canonical-security.spec.ts,재현 가능한 비민감 코드 변경은 계획 확정 후; 이번 점검에서 제품 수정 없음,2026-09-23,
미완료,PUB-26,웹,고객,AI 도움,대화형 여행 도우미·질문 전송,/assistant,대화형 여행 도우미·질문 전송,부분 검증,P2,"/assistant 입력 화면 / 1440·390px, API·외부통신 차단",기능별 추가 실행 없음; 관련 테스트 파일 존재만 확인,미확인: 실제 계정·저장·발송·결제 완료를 뜻하지 않음,API 실패·로그인·대화 이어짐·지원언어별 응답,해당 역할에서 정상 흐름 및 필수입력·서버 오류·중복제출(해당 시)을 검증하고 결과와 날짜를 기록,AssistantPage + shared useChatSession,chat API/session storage; 게스트는 로그인 게이트,tests/e2e/assistant-editorial.spec.ts | tests/unit/assistant-editorial-shell.component.test.tsx | tests/unit/chat-session-auth.test.ts,재현 가능한 비민감 코드 변경은 계획 확정 후; 이번 점검에서 제품 수정 없음,2026-09-23,
미완료,PUB-27,웹,고객,예약,장바구니에 투어/차터 담기·결제,전역 CartButton/CartCheckout,장바구니에 투어/차터 담기·결제,코드 존재·기능 실행 미확인,P1 검증,이번 화면 검사 대상 아님,기능별 추가 실행 없음; 관련 테스트 파일 존재만 확인,미확인: 실제 계정·저장·발송·결제 완료를 뜻하지 않음,아이템 간 가격/통화·재고 재검증과 결제 오류를 mock에서 확인; 실제 청구 금지,해당 역할에서 정상 흐름 및 필수입력·서버 오류·중복제출(해당 시)을 검증하고 결과와 날짜를 기록,CartButton/CartCheckout,localStorage 장바구니 + booking/capture API,tests/unit/cart-storage.test.ts | tests/unit/cart-checkout.test.ts | tests/unit/cart-capture.test.ts | tests/unit/charter-cart-booking.test.ts,금액·예약·정산·잔액 변경 및 실제 처리 별도 승인,2026-09-23,
미완료,PUB-28,웹,고객,후기,일정/투어에 후기 조회·작성,투어 상세 또는 일정 상세 내부 모달,일정/투어에 후기 조회·작성,코드 존재·기능 실행 미확인,P2,이번 화면 검사 대상 아님,기능별 추가 실행 없음; 관련 테스트 파일 존재만 확인,미확인: 실제 계정·저장·발송·결제 완료를 뜻하지 않음,대상별 작성 자격·수정·삭제와 계정 권한,해당 역할에서 정상 흐름 및 필수입력·서버 오류·중복제출(해당 시)을 검증하고 결과와 날짜를 기록,ReviewList/ReviewWriteModal/ReviewSubmitModal,/api/reviews; 인증·구매/예약 조건,tests/unit/lint-public-effects-review-list.test.tsx | tests/unit/lint-public-effects-review-edit.test.tsx | tests/unit/loyalty-reviews-security.test.ts,실발송·발행·외부 계정/키 변경 별도 승인,2026-09-23,
미완료,PUB-29,웹,고객,지원,WhatsApp 지원 링크(동의 후 활성화),/whatsapp-support,WhatsApp 지원 링크(동의 후 활성화),부분 검증,P2,"/whatsapp-support / 1440·390px, API·외부통신 차단",기능별 추가 실행 없음; 관련 테스트 파일 존재만 확인,미확인: 실제 계정·저장·발송·결제 완료를 뜻하지 않음,동의 전 키보드/클릭 차단 및 동의 후 실제 링크,해당 역할에서 정상 흐름 및 필수입력·서버 오류·중복제출(해당 시)을 검증하고 결과와 날짜를 기록,WhatsAppSupportPage,동의 화면 상태; 외부 wa.me,,재현 가능한 비민감 코드 변경은 계획 확정 후; 이번 점검에서 제품 수정 없음,2026-09-23,
미완료,PUB-30,웹,고객,유입,SNS 바이오 링크 허브,/links,SNS 바이오 링크 허브,부분 검증,P2,"/links / 1440·390px, API·외부통신 차단",기능별 추가 실행 없음; 관련 테스트 파일 존재만 확인,미확인: 실제 계정·저장·발송·결제 완료를 뜻하지 않음,각 CTA 목적지·UTM 보존,해당 역할에서 정상 흐름 및 필수입력·서버 오류·중복제출(해당 시)을 검증하고 결과와 날짜를 기록,LinksPage,URL/UTM 파라미터 및 고정 링크,,재현 가능한 비민감 코드 변경은 계획 확정 후; 이번 점검에서 제품 수정 없음,2026-09-23,
미완료,PUB-31,웹,고객,PWA,앱 설치 안내·푸시 알림 설정,전역(마이페이지 등 진입 버튼),앱 설치 안내·푸시 알림 설정,코드 존재·기능 실행 미확인,P2,이번 화면 검사 대상 아님,기능별 추가 실행 없음; 관련 테스트 파일 존재만 확인,미확인: 실제 계정·저장·발송·결제 완료를 뜻하지 않음,지원 브라우저·거부 권한·iOS 실기기 설치/푸시,해당 역할에서 정상 흐름 및 필수입력·서버 오류·중복제출(해당 시)을 검증하고 결과와 날짜를 기록,PwaInstallButton,"브라우저 설치 이벤트, Push API/service worker",tests/unit/pwa-install-app-separation.component.test.tsx | tests/unit/push-vapid-auth-failed-pr442.test.ts,실발송·발행·외부 계정/키 변경 별도 승인,2026-09-23,
미완료,PUB-32,웹,고객,PWA,새 버전 알림·업데이트 적용,전역,새 버전 알림·업데이트 적용,코드 존재·기능 실행 미확인,P2,이번 화면 검사 대상 아님,기능별 추가 실행 없음; 관련 테스트 파일 존재만 확인,미확인: 실제 계정·저장·발송·결제 완료를 뜻하지 않음,실배포 중 대기 중인 SW 전환을 실기기 확인,해당 역할에서 정상 흐름 및 필수입력·서버 오류·중복제출(해당 시)을 검증하고 결과와 날짜를 기록,PWAUpdatePrompt,service worker update lifecycle,tests/unit/pwa-update-prompt-no-forced-reload.test.ts | tests/unit/pwa-update-guard.test.ts,재현 가능한 비민감 코드 변경은 계획 확정 후; 이번 점검에서 제품 수정 없음,2026-09-23,
미완료,PUB-33,웹,고객,전역,언어 전환·쿠키 동의 설정,전역,언어 전환·쿠키 동의 설정,코드 존재·기능 실행 미확인,P2,이번 화면 검사 대상 아님,기능별 추가 실행 없음; 관련 테스트 파일 존재만 확인,미확인: 실제 계정·저장·발송·결제 완료를 뜻하지 않음,"ko/en/ja/zh 경로별 UI, 동의 저장·철회 후 분석 전송 차단",해당 역할에서 정상 흐름 및 필수입력·서버 오류·중복제출(해당 시)을 검증하고 결과와 날짜를 기록,RouteLanguageProvider/Header/CookieBanner/CookieSettings,언어 및 동의 브라우저 저장소,tests/unit/analytics-consent-queue.test.ts,재현 가능한 비민감 코드 변경은 계획 확정 후; 이번 점검에서 제품 수정 없음,2026-09-23,
미완료,PUB-34,웹,고객,전역,404 화면 및 이전 예약 경로 호환,*; /booking,404 화면 및 이전 예약 경로 호환,부분 검증,P2,"/booking → /tours 및 없는 주소 404 / 1440·390px, API·외부통신 차단",기능별 추가 실행 없음; 관련 테스트 파일 존재만 확인,미확인: 실제 계정·저장·발송·결제 완료를 뜻하지 않음,"알 수 없는 경로, 북마크 경로 리다이렉트",해당 역할에서 정상 흐름 및 필수입력·서버 오류·중복제출(해당 시)을 검증하고 결과와 날짜를 기록,NotFoundPage; /booking Navigate → /tours,없음,,재현 가능한 비민감 코드 변경은 계획 확정 후; 이번 점검에서 제품 수정 없음,2026-09-23,
미완료,PUB-35,웹,고객,정보,회사·약관·개인정보·여행약관,"/about, /terms, /privacy, /travel-terms",회사·약관·개인정보·여행약관,코드 존재·기능 실행 미확인,P2,이번 화면 검사 대상 아님,기능별 추가 실행 없음; 관련 테스트 파일 존재만 확인,미확인: 실제 계정·저장·발송·결제 완료를 뜻하지 않음,노출 문구 최신성·언어 완결성,해당 역할에서 정상 흐름 및 필수입력·서버 오류·중복제출(해당 시)을 검증하고 결과와 날짜를 기록,About/Terms/Privacy/TravelTerms,정적 다국어 문구,,재현 가능한 비민감 코드 변경은 계획 확정 후; 이번 점검에서 제품 수정 없음,2026-09-23,
미완료,PUB-36,웹,고객,코스 빌더,내 장소로 코스 만들기·장소 검색/추가·일정 편집·링크 공유,/planner?mode=course,내 장소로 코스 만들기·장소 검색/추가·일정 편집·링크 공유,코드 존재·기능 실행 미확인,P2,이번 화면 검사 대상 아님,기능별 추가 실행 없음; 관련 테스트 파일 존재만 확인,미확인: 실제 계정·저장·발송·결제 완료를 뜻하지 않음,장소검색/추가·이동·저장·기기 간 공유 및 API 실패 폴백,해당 역할에서 정상 흐름 및 필수입력·서버 오류·중복제출(해당 시)을 검증하고 결과와 날짜를 기록,PlannerPage → CourseBuilderShell/useCourseBuilder,"draft localStorage; published zone-course lookup; POST /api/course-share → /s/:id, 실패 시 인코딩된 planner URL 대체",tests/unit/course-builder-shell.component.test.tsx | tests/unit/course-builder-ops.test.ts | tests/unit/course-share-api.test.ts | tests/e2e/shared-course-editorial.spec.ts,재현 가능한 비민감 코드 변경은 계획 확정 후; 이번 점검에서 제품 수정 없음,2026-09-23,
미완료,PUB-37,웹,고객,계정,저장 코스 목록·플래너 열기·삭제,/mypage?tab=courses,저장 코스 목록·플래너 열기·삭제,코드 존재·기능 실행 미확인,P2,이번 화면 검사 대상 아님,기능별 추가 실행 없음; 관련 테스트 파일 존재만 확인,미확인: 실제 계정·저장·발송·결제 완료를 뜻하지 않음,실계정 저장/삭제 및 플래너 draft로 불러오기,해당 역할에서 정상 흐름 및 필수입력·서버 오류·중복제출(해당 시)을 검증하고 결과와 날짜를 기록,MyPage → MyCoursesTab,Firestore users/{uid}/itineraries via useItinerary,tests/unit/course-builder-upgrade.test.ts | tests/unit/course-builder-shell.component.test.tsx,재현 가능한 비민감 코드 변경은 계획 확정 후; 이번 점검에서 제품 수정 없음,2026-09-23,
미완료,PUB-38,웹,고객,지원,홈 플로팅 채팅·무료 게스트 질문·로그인 후 이어 대화,/ (홈에서만 전역 렌더),홈 플로팅 채팅·무료 게스트 질문·로그인 후 이어 대화,코드 존재·기능 실행 미확인,P2,이번 화면 검사 대상 아님,기능별 추가 실행 없음; 관련 테스트 파일 존재만 확인,미확인: 실제 계정·저장·발송·결제 완료를 뜻하지 않음,"게스트 질문 한도, 응답 지연/오류, 로그인 후 대화 이어짐",해당 역할에서 정상 흐름 및 필수입력·서버 오류·중복제출(해당 시)을 검증하고 결과와 날짜를 기록,ChatWidget → useChatSession,POST /api/chat; operator reply polling /api/chat-poll; session state,tests/unit/chat-guest-gate.test.tsx | tests/unit/chat-session-auth.test.ts | tests/unit/chat-session-ownership.test.ts | tests/e2e/assistant-editorial.spec.ts,실발송·발행·외부 계정/키 변경 별도 승인,2026-09-23,
미완료,ADM-03,웹,관리자,admin,예약·방문 현황과 운영 바로가기,/admin,예약 조회 | 방문 통계 조회 | 투어 입력 | 푸시 테스트 발송 | MOOD 잔액 충전 | MOOD 사용자·주소록 관리,부분 검증,P2,"/admin 관리자 로그인 안내 / 1440·390px, API·외부통신 차단",기능별 추가 실행 없음; 관련 테스트 파일 존재만 확인,미확인: 실제 계정·저장·발송·결제 완료를 뜻하지 않음,코드 정적 추적만; 실제 화면·권한별 동작 미검증,해당 역할에서 정상 흐름 및 필수입력·서버 오류·중복제출(해당 시)을 검증하고 결과와 날짜를 기록,src/pages/Admin.tsx | src/components/admin/MoodTopupModal.tsx | src/components/admin/MoodAccessManager.tsx,/api/admin-bookings | /api/admin-posthog-visitors | /api/admin-test-push | /api/mood-allowlist-admin | /api/mood-data | /api/mood-topup | Firestore: pending_bookings | Firestore: tours,tests/charter-local-server.mjs | tests/global-setup.ts | tests/playwright-base-url.ts | tests/playwright-charter-local.config.ts | tests/vitest-inquiry-local.config.ts,인증·권한·고객정보 변경/실데이터 접근 별도 승인,2026-09-23,
미완료,ADM-04,웹,관리자,admin,리뷰 조회·운영 관리,/admin/reviews,리뷰 조회 | 리뷰 상태 관리,부분 검증,P2,이번 화면 검사 대상 아님,리뷰 화면 인증 전환 경쟁 상태 4개 통과,미확인: 실제 계정·저장·발송·결제 완료를 뜻하지 않음,코드 정적 추적만; 실제 화면·권한별 동작 미검증,해당 역할에서 정상 흐름 및 필수입력·서버 오류·중복제출(해당 시)을 검증하고 결과와 날짜를 기록,src/pages/AdminReviews.tsx | src/lib/authFetch.ts,/api/reviews,tests/e2e/i18n-locale-smoke.spec.ts | tests/e2e/mood-quote-korean-customer-document.spec.ts | tests/e2e/mypage-editorial.spec.ts | tests/e2e/plan-detail-editorial.spec.ts | tests/e2e/tour-detail-editorial.spec.ts,인증·권한·고객정보 변경/실데이터 접근 별도 승인,2026-09-23,
미완료,ADM-05,웹,관리자,admin,AI 운영 현황·대기 항목 확인,/admin/ai-center,AI 운영 요약 조회 | 문의함·상태 확인 | 알림 준비상태 확인,코드 존재·기능 실행 미확인,P2,이번 화면 검사 대상 아님,기능별 추가 실행 없음; 관련 테스트 파일 존재만 확인,미확인: 실제 계정·저장·발송·결제 완료를 뜻하지 않음,코드 정적 추적만; 실제 화면·권한별 동작 미검증,해당 역할에서 정상 흐름 및 필수입력·서버 오류·중복제출(해당 시)을 검증하고 결과와 날짜를 기록,src/pages/AdminAiOpsCenter.tsx | src/lib/adminAiOpsCopy.ts | src/components/OwnerControllerSetupPanel.tsx,/api/admin-ai-ops-center?limit,tests/unit/admin-ai-ops-availability.component.test.tsx | tests/unit/admin-ai-ops-center-preview.component.test.tsx | tests/unit/admin-ai-ops-center.component.test.tsx | tests/unit/admin-recorded-ai-usage.component.test.tsx | tests/unit/admin-section-navigation.component.test.tsx,인증·권한·고객정보 변경/실데이터 접근 별도 승인,2026-09-23,
미완료,ADM-06,웹,관리자,admin,커뮤니티 글·댓글 검토와 신고 처리,/admin/community,검토 대기 글 조회 | 글·댓글 승인 | 글·댓글 숨김 | 신고 처리,코드 존재·기능 실행 미확인,P2,이번 화면 검사 대상 아님,기능별 추가 실행 없음; 관련 테스트 파일 존재만 확인,미확인: 실제 계정·저장·발송·결제 완료를 뜻하지 않음,코드 정적 추적만; 실제 화면·권한별 동작 미검증,해당 역할에서 정상 흐름 및 필수입력·서버 오류·중복제출(해당 시)을 검증하고 결과와 날짜를 기록,src/pages/CommunityPage.tsx | src/lib/appReady.ts | src/lib/analytics.ts,/api/community-admin | /api/community-notifications | /api/community-post-actions | /api/community-posts | /api/community-posts?id | /api/community-posts?sort | /api/community-translate,tests/unit/community-css-ownership.test.ts,인증·권한·고객정보 변경/실데이터 접근 별도 승인,2026-09-23,
미완료,ADM-07,웹,관리자,admin,운영 허용 문구 관리,/admin/claims,허용 문구 조회·수정,코드 존재·기능 실행 미확인,P2,이번 화면 검사 대상 아님,기능별 추가 실행 없음; 관련 테스트 파일 존재만 확인,미확인: 실제 계정·저장·발송·결제 완료를 뜻하지 않음,코드 정적 추적만; 실제 화면·권한별 동작 미검증,해당 역할에서 정상 흐름 및 필수입력·서버 오류·중복제출(해당 시)을 검증하고 결과와 날짜를 기록,src/pages/AdminClaims.tsx | src/lib/firebase.js | src/lib/inquiryAdmin.ts,/api/admin-coupon-fix | /api/onboarding-coupons | Firestore: charter_inquiries | Firestore: pending_free_claims | Firestore: users,tests/unit/admin-ai-ops-availability.component.test.tsx | tests/unit/admin-ai-ops-center.component.test.tsx | tests/unit/admin-auth.test.ts | tests/unit/admin-claims-loading.component.test.tsx | tests/unit/admin-owner-notification-test.test.ts,인증·권한·고객정보 변경/실데이터 접근 별도 승인,2026-09-23,
미완료,ADM-08,웹,관리자,admin,예약 결제 상태 조회·수동 상태 처리,/admin/payments,예약 결제 조회 | 결제 완료/환불/취소 상태 처리,코드 존재·기능 실행 미확인,P2,이번 화면 검사 대상 아님,기능별 추가 실행 없음; 관련 테스트 파일 존재만 확인,미확인: 실제 계정·저장·발송·결제 완료를 뜻하지 않음,코드 정적 추적만; 실제 화면·권한별 동작 미검증,해당 역할에서 정상 흐름 및 필수입력·서버 오류·중복제출(해당 시)을 검증하고 결과와 날짜를 기록,src/pages/AdminPayments.tsx | src/components/admin/RuntimeFlagsPanel.tsx | src/components/admin/PromoBannerPanel.tsx,/api/admin-booking-action | /api/admin-promo-config | /api/admin-runtime-flags | Firestore: pending_bookings,tests/unit/admin-ai-ops-center.component.test.tsx | tests/unit/admin-bypass-detector-a1-7-1.test.ts | tests/unit/editorial-planner-journey.test.ts | tests/unit/guest-anon-reader.test.ts | tests/unit/lint-payment-form-sync.test.tsx,금액·예약·정산·잔액 변경 및 실제 처리 별도 승인 | 인증·권한·고객정보 변경/실데이터 접근 별도 승인,2026-09-23,
미완료,ADM-09,웹,관리자,admin,전체 예약 조회·예약 액션,/admin/all-bookings,전체 예약 조회 | 예약 취소·배차 취소 등 상태 변경,코드 존재·기능 실행 미확인,P2,이번 화면 검사 대상 아님,기능별 추가 실행 없음; 관련 테스트 파일 존재만 확인,미확인: 실제 계정·저장·발송·결제 완료를 뜻하지 않음,코드 정적 추적만; 실제 화면·권한별 동작 미검증,해당 역할에서 정상 흐름 및 필수입력·서버 오류·중복제출(해당 시)을 검증하고 결과와 날짜를 기록,src/pages/AdminAllBookings.tsx,/api/admin-all-bookings?limit | /api/admin-booking-action,tests/unit/admin-lifecycle-loading.test.tsx | tests/unit/i18n-hardcoded-fallback.test.ts | tests/unit/quality-score-and-p2.test.ts,금액·예약·정산·잔액 변경 및 실제 처리 별도 승인 | 인증·권한·고객정보 변경/실데이터 접근 별도 승인,2026-09-23,
미완료,ADM-10,웹,관리자,admin,예약 의심 건 점검·알림 재처리,/admin/reconciliation,의심 예약 검사 | 예약 알림 재전송,코드 존재·기능 실행 미확인,P2,이번 화면 검사 대상 아님,기능별 추가 실행 없음; 관련 테스트 파일 존재만 확인,미확인: 실제 계정·저장·발송·결제 완료를 뜻하지 않음,코드 정적 추적만; 실제 화면·권한별 동작 미검증,해당 역할에서 정상 흐름 및 필수입력·서버 오류·중복제출(해당 시)을 검증하고 결과와 날짜를 기록,src/pages/AdminReconciliation.tsx,/api/admin-replay-booking-notifications | /api/admin-scan-suspect-bookings,tests/unit/admin-ai-ops-availability.component.test.tsx | tests/unit/admin-ai-ops-center.component.test.tsx | tests/unit/admin-lifecycle-loading.test.tsx | tests/unit/voucher.test.ts,금액·예약·정산·잔액 변경 및 실제 처리 별도 승인 | 인증·권한·고객정보 변경/실데이터 접근 별도 승인,2026-09-23,
미완료,ADM-11,웹,관리자,admin,고객 플랜 검색·조회,/admin/plans,이메일·플랜 ID로 플랜 조회,코드 존재·기능 실행 미확인,P2,이번 화면 검사 대상 아님,기능별 추가 실행 없음; 관련 테스트 파일 존재만 확인,미확인: 실제 계정·저장·발송·결제 완료를 뜻하지 않음,코드 정적 추적만; 실제 화면·권한별 동작 미검증,해당 역할에서 정상 흐름 및 필수입력·서버 오류·중복제출(해당 시)을 검증하고 결과와 날짜를 기록,src/pages/AdminPlans.tsx,/api/admin-plan-lookup | /api/admin-plan-lookup?email | /api/admin-plan-lookup?planId,tests/e2e/auth-required-focus.spec.ts | tests/e2e/my-plans-editorial.spec.ts | tests/e2e/p238-visual-verification.spec.ts | tests/e2e/plan-detail-editorial.spec.ts | tests/e2e/translation-pdf.spec.ts,인증·권한·고객정보 변경/실데이터 접근 별도 승인,2026-09-23,
미완료,ADM-12,웹,관리자,admin,투어 날짜별 예약 가능 수량 관리,/admin/availability,날짜별 잔여석 조회·수정,코드 존재·기능 실행 미확인,P2,이번 화면 검사 대상 아님,기능별 추가 실행 없음; 관련 테스트 파일 존재만 확인,미확인: 실제 계정·저장·발송·결제 완료를 뜻하지 않음,코드 정적 추적만; 실제 화면·권한별 동작 미검증,해당 역할에서 정상 흐름 및 필수입력·서버 오류·중복제출(해당 시)을 검증하고 결과와 날짜를 기록,src/pages/AdminTourAvailability.tsx | src/lib/tour-availability-store.ts,Firestore: tour_availability,tests/unit/lint-admin-readonly-lifecycle.test.tsx,금액·예약·정산·잔액 변경 및 실제 처리 별도 승인 | 인증·권한·고객정보 변경/실데이터 접근 별도 승인,2026-09-23,
미완료,ADM-13,웹,관리자,admin,매출 집계 조회,/admin/sales,매출 조회,코드 존재·기능 실행 미확인,P2,이번 화면 검사 대상 아님,기능별 추가 실행 없음; 관련 테스트 파일 존재만 확인,미확인: 실제 계정·저장·발송·결제 완료를 뜻하지 않음,코드 정적 추적만; 실제 화면·권한별 동작 미검증,해당 역할에서 정상 흐름 및 필수입력·서버 오류·중복제출(해당 시)을 검증하고 결과와 날짜를 기록,src/pages/AdminSales.tsx | src/components/admin/AffiliatePerformance.tsx,/api/admin-posthog-affiliate?days | /api/admin-sales?days,tests/unit/accounting-export.test.ts | tests/unit/admin-bot-dispatch-views.test.ts | tests/unit/admin-bot-query-commands.test.ts | tests/unit/admin-bypass-detector-a1-7-1.test.ts | tests/unit/admin-sales-aggregate-coverage.test.ts,금액·예약·정산·잔액 변경 및 실제 처리 별도 승인 | 인증·권한·고객정보 변경/실데이터 접근 별도 승인,2026-09-23,
미완료,ADM-14,웹,관리자,admin,운영 브리핑 조회,/admin/briefing,브리핑 조회,코드 존재·기능 실행 미확인,P2,이번 화면 검사 대상 아님,기능별 추가 실행 없음; 관련 테스트 파일 존재만 확인,미확인: 실제 계정·저장·발송·결제 완료를 뜻하지 않음,코드 정적 추적만; 실제 화면·권한별 동작 미검증,해당 역할에서 정상 흐름 및 필수입력·서버 오류·중복제출(해당 시)을 검증하고 결과와 날짜를 기록,src/pages/AdminBriefing.tsx,/api/admin-briefing,tests/unit/admin-bot-office-actions.test.ts | tests/unit/i18n-hardcoded-fallback.test.ts | tests/unit/lint-admin-user-refresh.test.tsx | tests/unit/morning-briefing-aggregate.test.ts | tests/unit/ops-briefing-bridge.test.ts,인증·권한·고객정보 변경/실데이터 접근 별도 승인,2026-09-23,
미완료,ADM-15,웹,관리자,admin,운영 의사결정 항목 검토,/admin/decisions,운영 결정 항목 조회·상태 변경,코드 존재·기능 실행 미확인,P2,이번 화면 검사 대상 아님,기능별 추가 실행 없음; 관련 테스트 파일 존재만 확인,미확인: 실제 계정·저장·발송·결제 완료를 뜻하지 않음,코드 정적 추적만; 실제 화면·권한별 동작 미검증,해당 역할에서 정상 흐름 및 필수입력·서버 오류·중복제출(해당 시)을 검증하고 결과와 날짜를 기록,src/pages/AdminDecisions.tsx,/api/admin-decisions,tests/unit/admin-ai-ops-center.component.test.tsx | tests/unit/admin-bot-office-actions.test.ts | tests/unit/decision-queue.test.ts | tests/unit/i18n-hardcoded-fallback.test.ts | tests/unit/ops-briefing-bridge.test.ts,인증·권한·고객정보 변경/실데이터 접근 별도 승인,2026-09-23,
미완료,ADM-16,웹,관리자,admin,결제 검토 대기 항목 처리,/admin/payment-reviews,결제 검토 항목 조회·처리,코드 존재·기능 실행 미확인,P2,이번 화면 검사 대상 아님,기능별 추가 실행 없음; 관련 테스트 파일 존재만 확인,미확인: 실제 계정·저장·발송·결제 완료를 뜻하지 않음,코드 정적 추적만; 실제 화면·권한별 동작 미검증,해당 역할에서 정상 흐름 및 필수입력·서버 오류·중복제출(해당 시)을 검증하고 결과와 날짜를 기록,src/pages/AdminPaymentReviews.tsx | src/lib/authFetch.ts,/api/admin-payment-reviews,tests/unit/admin-ai-ops-availability.component.test.tsx | tests/unit/admin-ai-ops-center-preview.component.test.tsx | tests/unit/admin-ai-ops-center.component.test.tsx | tests/unit/admin-payment-reviews-page.component.test.tsx | tests/unit/admin-recorded-ai-usage.component.test.tsx,금액·예약·정산·잔액 변경 및 실제 처리 별도 승인 | 인증·권한·고객정보 변경/실데이터 접근 별도 승인,2026-09-23,
미완료,ADM-17,웹,관리자,admin,예약 캘린더·수동 예약·기사 배차,/admin/calendar,예약 조회·생성·수정 | 기사/차량 배정 | 배차 정보 수정,코드 존재·기능 실행 미확인,P2,이번 화면 검사 대상 아님,기능별 추가 실행 없음; 관련 테스트 파일 존재만 확인,미확인: 실제 계정·저장·발송·결제 완료를 뜻하지 않음,코드 정적 추적만; 실제 화면·권한별 동작 미검증,해당 역할에서 정상 흐름 및 필수입력·서버 오류·중복제출(해당 시)을 검증하고 결과와 날짜를 기록,src/pages/AdminCalendar.tsx | src/lib/firebase.js,/api/admin-update-booking | /api/onboarding-coupons | Firestore: bookings | Firestore: calendar_blocks | Firestore: drivers | Firestore: users,tests/e2e/planner-full-flow.spec.ts | tests/unit/admin-ai-ops-center.component.test.tsx | tests/unit/cron-auth-pr419.test.ts | tests/unit/editorial-plan-detail-shell.test.ts | tests/unit/editorial-planner-journey.test.ts,금액·예약·정산·잔액 변경 및 실제 처리 별도 승인 | 인증·권한·고객정보 변경/실데이터 접근 별도 승인,2026-09-23,
미완료,ADM-18,웹,관리자,admin,방문·전환 분석 조회,/admin/analytics,방문자·전환 데이터 조회,코드 존재·기능 실행 미확인,P2,이번 화면 검사 대상 아님,기능별 추가 실행 없음; 관련 테스트 파일 존재만 확인,미확인: 실제 계정·저장·발송·결제 완료를 뜻하지 않음,코드 정적 추적만; 실제 화면·권한별 동작 미검증,해당 역할에서 정상 흐름 및 필수입력·서버 오류·중복제출(해당 시)을 검증하고 결과와 날짜를 기록,src/pages/AdminAnalytics.tsx | src/lib/firebase.js,/api/onboarding-coupons | Firestore: bookings | Firestore: users,tests/global-setup.ts | tests/e2e/analytics-guard.spec.ts | tests/e2e/assistant-editorial.spec.ts | tests/e2e/auth-required-focus.spec.ts | tests/e2e/channel-readiness-preview.spec.ts,인증·권한·고객정보 변경/실데이터 접근 별도 승인,2026-09-23,
미완료,ADM-19,웹,관리자,admin,운영 점검·설정 관리,/admin/ops,운영 점검 실행·결과 조회 | 런타임 플래그 조회·변경,부분 검증 — 로컬 실행 범위만 확인; 운영 미확인,P2,이번 화면 검사 대상 아님,실제 운영 점검 컴포넌트 8개·채널 준비상태 6개·사용량 화면 20개 통과. 합성 권한/HTTP 응답. 실제 관리자 운영 연결 아님.,미확인: 실제 계정·저장·발송·결제 완료를 뜻하지 않음,실제 운영자 계정·대상 서비스 상태 확인,해당 역할에서 정상 흐름 및 필수입력·서버 오류·중복제출(해당 시)을 검증하고 결과와 날짜를 기록,src/pages/AdminOpsHub.tsx | src/components/admin/DispatchTimeline.tsx | src/components/admin/TelegramLogs.tsx,Firestore: bookings | Firestore: dispatch_messages | Firestore: drivers,,인증·권한·고객정보 변경/실데이터 접근 별도 승인,2026-09-23,"Astra 통합/검수, Luna 구현·검사. 실행별 상세: docs/qa/README.md 및 플래너 점검 기록"
미완료,ADM-20,웹,관리자,admin,품질 지표 조회,/admin/quality,품질 요약 조회,코드 존재·기능 실행 미확인,P2,이번 화면 검사 대상 아님,기능별 추가 실행 없음; 관련 테스트 파일 존재만 확인,미확인: 실제 계정·저장·발송·결제 완료를 뜻하지 않음,코드 정적 추적만; 실제 화면·권한별 동작 미검증,해당 역할에서 정상 흐름 및 필수입력·서버 오류·중복제출(해당 시)을 검증하고 결과와 날짜를 기록,src/pages/AdminQualityDashboard.tsx,/api/admin-quality-summary?days,tests/unit/i18n-hardcoded-fallback.test.ts | tests/unit/quality-score-and-p2.test.ts,인증·권한·고객정보 변경/실데이터 접근 별도 승인,2026-09-23,
미완료,ADM-21,웹,관리자,admin,번역 항목 조회·수정,/admin/translations,번역 검색·조회·저장,코드 존재·기능 실행 미확인,P2,이번 화면 검사 대상 아님,기능별 추가 실행 없음; 관련 테스트 파일 존재만 확인,미확인: 실제 계정·저장·발송·결제 완료를 뜻하지 않음,코드 정적 추적만; 실제 화면·권한별 동작 미검증,해당 역할에서 정상 흐름 및 필수입력·서버 오류·중복제출(해당 시)을 검증하고 결과와 날짜를 기록,src/pages/AdminTranslations.tsx,/api/admin-translations | /api/admin-translations?${params.toString,tests/e2e/community-editorial.spec.ts | tests/e2e/i18n-locale-smoke.spec.ts | tests/unit/charter-usd-single-source.component.test.tsx | tests/unit/community-editorial-shell.component.test.tsx | tests/unit/community-public-privacy.test.ts,인증·권한·고객정보 변경/실데이터 접근 별도 승인,2026-09-23,
미완료,ADM-22,웹,관리자,admin,쿠폰 발급·관리,/admin/coupons,쿠폰 발급,코드 존재·기능 실행 미확인,P2,이번 화면 검사 대상 아님,기능별 추가 실행 없음; 관련 테스트 파일 존재만 확인,미확인: 실제 계정·저장·발송·결제 완료를 뜻하지 않음,코드 정적 추적만; 실제 화면·권한별 동작 미검증,해당 역할에서 정상 흐름 및 필수입력·서버 오류·중복제출(해당 시)을 검증하고 결과와 날짜를 기록,src/pages/AdminCoupons.tsx,/api/admin-issue-coupon,tests/e2e/mypage-editorial.spec.ts | tests/unit/coupon-charge.test.ts | tests/unit/editorial-planner-journey.test.ts | tests/unit/firestore-indexes-deployable.test.ts | tests/unit/lint-admin-user-refresh.test.tsx,금액·예약·정산·잔액 변경 및 실제 처리 별도 승인 | 인증·권한·고객정보 변경/실데이터 접근 별도 승인,2026-09-23,
미완료,ADM-23,웹,관리자,admin,투어 상품 목록·상태 관리,/admin/products,상품 조회·게시 상태 관리,코드 존재·기능 실행 미확인,P2,이번 화면 검사 대상 아님,기능별 추가 실행 없음; 관련 테스트 파일 존재만 확인,미확인: 실제 계정·저장·발송·결제 완료를 뜻하지 않음,코드 정적 추적만; 실제 화면·권한별 동작 미검증,해당 역할에서 정상 흐름 및 필수입력·서버 오류·중복제출(해당 시)을 검증하고 결과와 날짜를 기록,src/pages/AdminProducts.tsx | src/lib/firebase.js,/api/onboarding-coupons | Firestore: tours | Firestore: users,tests/unit/ai-planner-coupon-gate-pr433.test.ts | tests/unit/booking-cutoff-parity.test.ts | tests/unit/bughunt-halal-prompt.test.ts | tests/unit/build-prompt-compress-p194.test.ts | tests/unit/charterPricing.test.ts,인증·권한·고객정보 변경/실데이터 접근 별도 승인,2026-09-23,
미완료,ADM-24,웹,관리자,admin,투어 상품 신규 작성,/admin/products/new,상품 데이터 입력·저장,코드 존재·기능 실행 미확인,P2,이번 화면 검사 대상 아님,기능별 추가 실행 없음; 관련 테스트 파일 존재만 확인,미확인: 실제 계정·저장·발송·결제 완료를 뜻하지 않음,코드 정적 추적만; 실제 화면·권한별 동작 미검증,해당 역할에서 정상 흐름 및 필수입력·서버 오류·중복제출(해당 시)을 검증하고 결과와 날짜를 기록,src/pages/AdminProductEditor.tsx | src/lib/tours-firestore.ts | src/components/admin/ProductEditor/BasicInfoTab.tsx,Firestore: tours_drafts,tests/unit/admin-product-publish-validation-a1-7-3.test.ts | tests/unit/admin-stops-tab-coords.component.test.tsx | tests/unit/i18n-hardcoded-fallback.test.ts | tests/unit/lint-admin-editor-lifecycle.test.tsx | tests/unit/lint-admin-effects.test.tsx,인증·권한·고객정보 변경/실데이터 접근 별도 승인,2026-09-23,
미완료,ADM-25,웹,관리자,admin,투어 상품 편집,/admin/products/edit/:tourId,상품 데이터 조회·수정·저장,코드 존재·기능 실행 미확인,P2,이번 화면 검사 대상 아님,기능별 추가 실행 없음; 관련 테스트 파일 존재만 확인,미확인: 실제 계정·저장·발송·결제 완료를 뜻하지 않음,코드 정적 추적만; 실제 화면·권한별 동작 미검증,해당 역할에서 정상 흐름 및 필수입력·서버 오류·중복제출(해당 시)을 검증하고 결과와 날짜를 기록,src/pages/AdminProductEditor.tsx | src/lib/tours-firestore.ts | src/components/admin/ProductEditor/BasicInfoTab.tsx,Firestore: tours_drafts,tests/unit/admin-product-publish-validation-a1-7-3.test.ts | tests/unit/admin-stops-tab-coords.component.test.tsx | tests/unit/i18n-hardcoded-fallback.test.ts | tests/unit/lint-admin-editor-lifecycle.test.tsx | tests/unit/lint-admin-effects.test.tsx,인증·권한·고객정보 변경/실데이터 접근 별도 승인,2026-09-23,
미완료,ADM-26,웹,관리자,admin,추천 코스 목록·상태 관리,/admin/zone-courses,코스 목록 조회·상태 관리,코드 존재·기능 실행 미확인,P2,이번 화면 검사 대상 아님,기능별 추가 실행 없음; 관련 테스트 파일 존재만 확인,미확인: 실제 계정·저장·발송·결제 완료를 뜻하지 않음,코드 정적 추적만; 실제 화면·권한별 동작 미검증,해당 역할에서 정상 흐름 및 필수입력·서버 오류·중복제출(해당 시)을 검증하고 결과와 날짜를 기록,src/pages/AdminZoneCourses.tsx | src/lib/zone-courses-firestore.ts,,tests/unit/admin-zone-courses-list.test.ts | tests/unit/block-decompose.test.ts | tests/unit/course-builder-zone-templates.test.ts | tests/unit/lint-admin-catalog-loading.test.tsx,인증·권한·고객정보 변경/실데이터 접근 별도 승인,2026-09-23,
미완료,ADM-27,웹,관리자,admin,추천 코스 신규 작성,/admin/zone-courses/new,코스 정보 입력·저장,코드 존재·기능 실행 미확인,P2,이번 화면 검사 대상 아님,기능별 추가 실행 없음; 관련 테스트 파일 존재만 확인,미확인: 실제 계정·저장·발송·결제 완료를 뜻하지 않음,코드 정적 추적만; 실제 화면·권한별 동작 미검증,해당 역할에서 정상 흐름 및 필수입력·서버 오류·중복제출(해당 시)을 검증하고 결과와 날짜를 기록,src/pages/AdminZoneCourseEditor.tsx | src/lib/zone-courses-firestore.ts | src/components/admin/ZoneCourseEditor/BasicTab.tsx,,tests/unit/i18n-hardcoded-fallback.test.ts | tests/unit/lint-admin-editor-lifecycle.test.tsx | tests/unit/lint-admin-effects.test.tsx | tests/unit/lint-admin-trend-loading.test.tsx,인증·권한·고객정보 변경/실데이터 접근 별도 승인,2026-09-23,
미완료,ADM-28,웹,관리자,admin,추천 코스 편집,/admin/zone-courses/edit/:blockId,코스 조회·수정·저장,코드 존재·기능 실행 미확인,P2,이번 화면 검사 대상 아님,기능별 추가 실행 없음; 관련 테스트 파일 존재만 확인,미확인: 실제 계정·저장·발송·결제 완료를 뜻하지 않음,코드 정적 추적만; 실제 화면·권한별 동작 미검증,해당 역할에서 정상 흐름 및 필수입력·서버 오류·중복제출(해당 시)을 검증하고 결과와 날짜를 기록,src/pages/AdminZoneCourseEditor.tsx | src/lib/zone-courses-firestore.ts | src/components/admin/ZoneCourseEditor/BasicTab.tsx,,tests/unit/i18n-hardcoded-fallback.test.ts | tests/unit/lint-admin-editor-lifecycle.test.tsx | tests/unit/lint-admin-effects.test.tsx | tests/unit/lint-admin-trend-loading.test.tsx,인증·권한·고객정보 변경/실데이터 접근 별도 승인,2026-09-23,
미완료,ADM-29,웹,관리자,admin,요청 분류기 결과·설정 확인,/admin/intent-classifier,분류 결과 조회,코드 존재·기능 실행 미확인,P2,이번 화면 검사 대상 아님,기능별 추가 실행 없음; 관련 테스트 파일 존재만 확인,미확인: 실제 계정·저장·발송·결제 완료를 뜻하지 않음,코드 정적 추적만; 실제 화면·권한별 동작 미검증,해당 역할에서 정상 흐름 및 필수입력·서버 오류·중복제출(해당 시)을 검증하고 결과와 날짜를 기록,src/pages/AdminIntentClassifier.tsx | src/lib/intent-classifier-logs.ts,/api/ai-planner-modify,tests/unit/quality-score-and-p2.test.ts,인증·권한·고객정보 변경/실데이터 접근 별도 승인,2026-09-23,
미완료,ADM-30,웹,관리자,admin,프로모션 성과 조회,/admin/promo-stats,프로모션 통계 조회,코드 존재·기능 실행 미확인,P2,이번 화면 검사 대상 아님,기능별 추가 실행 없음; 관련 테스트 파일 존재만 확인,미확인: 실제 계정·저장·발송·결제 완료를 뜻하지 않음,코드 정적 추적만; 실제 화면·권한별 동작 미검증,해당 역할에서 정상 흐름 및 필수입력·서버 오류·중복제출(해당 시)을 검증하고 결과와 날짜를 기록,src/pages/AdminPromoStats.tsx,/api/admin-promo-stats,tests/unit/lint-admin-user-refresh.test.tsx,인증·권한·고객정보 변경/실데이터 접근 별도 승인,2026-09-23,
미완료,MOOD-01,웹,MOOD,mood_portal,예약 현황·잔액·차감 내역 조회,/mood,예약·잔액·예약별 차감내역 조회,부분 검증,P1 검증,"/mood 공통 로그인 안내만 확인; 해당 내부 기능 미실행 / 1440·390px, API·외부통신 차단",기능별 추가 실행 없음; 관련 테스트 파일 존재만 확인,미확인: 실제 계정·저장·발송·결제 완료를 뜻하지 않음,로그인·allowlist 사용자별 데이터/실제 잔액은 실행하지 않고 확인하지 않음,해당 역할에서 정상 흐름 및 필수입력·서버 오류·중복제출(해당 시)을 검증하고 결과와 날짜를 기록,src/pages/MoodPortal.tsx:526,"/api/mood-data | Firestore mood_clients, mood_bookings",tests/unit/mood-booking-logic.test.ts | tests/unit/mood-portal-auth-transition.component.test.tsx,금액·예약·정산·잔액 변경 및 실제 처리 별도 승인,2026-09-23,
미완료,MOOD-02,웹,MOOD,mood_portal,직접 예약 입력·경로 견적,/mood,차량/매니저/공항 유형 선택 | 일시·시간·주소 입력 | 경로/거리/톨비 확인 | 예약 등록,부분 검증,P1 검증,"/mood 공통 로그인 안내만 확인; 해당 내부 기능 미실행 / 1440·390px, API·외부통신 차단",기능별 추가 실행 없음; 관련 테스트 파일 존재만 확인,미확인: 실제 계정·저장·발송·결제 완료를 뜻하지 않음,실제 예약 저장·요금·잔액 차감은 실행하지 않음,해당 역할에서 정상 흐름 및 필수입력·서버 오류·중복제출(해당 시)을 검증하고 결과와 날짜를 기록,src/pages/MoodPortal.tsx:960; src/pages/MoodPortal.tsx:1024,/api/mood-route | /api/mood-book | /api/mood-booking-blocks | Firestore mood_bookings,tests/unit/mood-booking-logic.test.ts | tests/unit/mood-book-safety.test.ts | tests/unit/mood-route.test.ts,금액·예약·정산·잔액 변경 및 실제 처리 별도 승인,2026-09-23,
미완료,MOOD-03,웹,MOOD,mood_portal,자연어 일정 분석 후 AI 예약,/mood,일정 텍스트 분석 | 장소 검색·주소 보정 | 경로 확인 | 분석된 내용으로 예약,부분 검증,P1 검증,"/mood 공통 로그인 안내만 확인; 해당 내부 기능 미실행 / 1440·390px, API·외부통신 차단",AI 예약 검색 컴포넌트 19개 통과. 실제 분석 API/예약 저장 아님,미확인: 실제 계정·저장·발송·결제 완료를 뜻하지 않음,모델·외부 검색 연결과 예약 제출은 실행하지 않음,해당 역할에서 정상 흐름 및 필수입력·서버 오류·중복제출(해당 시)을 검증하고 결과와 날짜를 기록,src/components/mood/MoodAiBooking.tsx:474; src/components/mood/MoodAiBooking.tsx:642,/api/mood-parse-schedule | /api/place-search | /api/mood-route | /api/mood-book,tests/unit/mood-ai-booking-search.component.test.tsx | tests/unit/mood-parse-schedule.test.ts | tests/unit/mood-book-safety.test.ts,금액·예약·정산·잔액 변경 및 실제 처리 별도 승인,2026-09-23,
미완료,MOOD-04,웹,MOOD,mood_portal,주소·경유지 경로와 방문 일정 관리,/mood,출발·경유·도착 검색 | 경로 지도·거리·소요시간 표시 | 방문 순서·대기시간 일정 편집,부분 검증,P1 검증,"/mood 공통 로그인 안내만 확인; 해당 내부 기능 미실행 / 1440·390px, API·외부통신 차단",예약 변경 경로 컴포넌트 19개 통과. 실제 경로 API/예약 저장 아님,미확인: 실제 계정·저장·발송·결제 완료를 뜻하지 않음,지도 API·실제 주소검색 결과는 실행하지 않음,해당 역할에서 정상 흐름 및 필수입력·서버 오류·중복제출(해당 시)을 검증하고 결과와 날짜를 기록,src/pages/MoodPortal.tsx:777; src/pages/MoodPortal.tsx:876; src/components/mood/MoodBookingChangeModal.tsx:1196,/api/mood-route | /api/mood-parse-schedule,tests/unit/mood-route.test.ts | tests/unit/mood-route-schedule.test.ts | tests/unit/mood-route-map.test.ts | tests/unit/mood-booking-change-route.component.test.tsx,금액·예약·정산·잔액 변경 및 실제 처리 별도 승인,2026-09-23,
미완료,MOOD-05,웹,MOOD,mood_portal,관리자 업체 차량 견적서 작성·출력,/mood,견적서 프로필 조회·저장 | 요청 문장 분석 | 견적 미리보기 | 인쇄 대화상자에서 PDF 저장,부분 검증 — 로컬 실행 범위만 확인; 운영 미확인,P1 검증,"/mood 공통 로그인 안내만 확인; 해당 내부 기능 미실행 / 1440·390px, API·외부통신 차단",실제 390px 견적 UI: 일정 붙여넣기→주소 확인→견적 표시/복사 대표 1케이스 통과. 합성 경로/금액; 실제 발행 아님.,미확인: 실제 계정·저장·발송·결제 완료를 뜻하지 않음,실제 경로·금액 정책·고객 문서 전달 승인 후 확인,해당 역할에서 정상 흐름 및 필수입력·서버 오류·중복제출(해당 시)을 검증하고 결과와 날짜를 기록,src/pages/MoodPortal.tsx:2111; src/components/mood/MoodQuoteBuilder.tsx:232; src/components/mood/MoodQuoteBuilder.tsx:991,/api/mood-quote-profiles | /api/mood-quote-parse | /api/place-search | /api/mood-quote-preview,tests/unit/mood-vehicle-quote-builder.component.test.tsx | tests/e2e/mood-vehicle-quote-builder.spec.ts | tests/e2e/mood-quote-korean-customer-document.spec.ts,금액·예약·정산·잔액 변경 및 실제 처리 별도 승인,2026-09-23,"Astra 통합/검수, Luna 구현·검사. 실행별 상세: docs/qa/README.md 및 플래너 점검 기록"
미완료,MOOD-06,웹,MOOD,mood_admin,업체 잔액 수동 충전,/admin,현재 잔액 조회 | 충전 금액·메모 입력 | 충전 요청,부분 검증,P1 검증,"/mood 공통 로그인 안내만 확인; 해당 내부 기능 미실행 / 1440·390px, API·외부통신 차단",기능별 추가 실행 없음; 관련 테스트 파일 존재만 확인,미확인: 실제 계정·저장·발송·결제 완료를 뜻하지 않음,금액이 바뀌는 실제 충전은 실행하지 않음,해당 역할에서 정상 흐름 및 필수입력·서버 오류·중복제출(해당 시)을 검증하고 결과와 날짜를 기록,src/components/admin/MoodTopupModal.tsx:26; src/components/admin/MoodTopupModal.tsx:117,"/api/mood-data | /api/mood-topup | Firestore mood_clients, mood_topups",tests/unit/mood-topup-modal.lifecycle.test.tsx,금액·예약·정산·잔액 변경 및 실제 처리 별도 승인,2026-09-23,
미완료,MOOD-07,웹,MOOD,mood_admin,MOOD 접근 허용 사용자 관리,/admin,허용 사용자 조회 | 이메일 접근 권한 추가·제거,부분 검증,P1 검증,"/mood 공통 로그인 안내만 확인; 해당 내부 기능 미실행 / 1440·390px, API·외부통신 차단",기능별 추가 실행 없음; 관련 테스트 파일 존재만 확인,미확인: 실제 계정·저장·발송·결제 완료를 뜻하지 않음,접근 권한 변경 요청은 실행하지 않음,해당 역할에서 정상 흐름 및 필수입력·서버 오류·중복제출(해당 시)을 검증하고 결과와 날짜를 기록,src/components/admin/MoodAccessManager.tsx:46; src/components/admin/MoodAccessManager.tsx:92,/api/mood-allowlist-admin | Firestore mood_config/allowlist,tests/unit/mood-allowlist-admin.test.ts | tests/unit/mood-access-manager.component.test.tsx,금액·예약·정산·잔액 변경 및 실제 처리 별도 승인 | 인증·권한·고객정보 변경/실데이터 접근 별도 승인,2026-09-23,
미완료,MOOD-08,웹,MOOD,mood_portal,예약 가능 규칙·차단일 관리,/mood,반복 가능 규칙 추가·수정·삭제 | 특정 날짜 열기/차단 | 전체 규칙 활성·비활성,부분 검증,P1 검증,"/mood 공통 로그인 안내만 확인; 해당 내부 기능 미실행 / 1440·390px, API·외부통신 차단",기능별 추가 실행 없음; 관련 테스트 파일 존재만 확인,미확인: 실제 계정·저장·발송·결제 완료를 뜻하지 않음,예약 가능 규칙·차단일 변경은 실행하지 않음,해당 역할에서 정상 흐름 및 필수입력·서버 오류·중복제출(해당 시)을 검증하고 결과와 날짜를 기록,src/pages/MoodPortal.tsx:1359; src/components/mood/MoodBookingBlockManager.tsx:187; src/components/mood/MoodBookingBlockManager.tsx:233,"/api/mood-booking-blocks | Firestore mood_config/allowlist, mood_booking_block_audit",tests/unit/mood-booking-block-manager.component.test.tsx | tests/unit/mood-booking-blocks-backend.test.ts | tests/unit/mood-booking-availability.test.ts,금액·예약·정산·잔액 변경 및 실제 처리 별도 승인,2026-09-23,
미완료,MOOD-09,웹,MOOD,mood_portal,공유 예약 캘린더 메모,/mood,월별 메모 조회 | 날짜별 메모 작성·저장,부분 검증,P1 검증,"/mood 공통 로그인 안내만 확인; 해당 내부 기능 미실행 / 1440·390px, API·외부통신 차단",기능별 추가 실행 없음; 관련 테스트 파일 존재만 확인,미확인: 실제 계정·저장·발송·결제 완료를 뜻하지 않음,실제 월별 메모 조회·저장은 실행하지 않음,해당 역할에서 정상 흐름 및 필수입력·서버 오류·중복제출(해당 시)을 검증하고 결과와 날짜를 기록,src/pages/MoodPortal.tsx:804; src/pages/MoodPortal.tsx:820; src/pages/MoodPortal.tsx:1607,/api/mood-notes | Firestore mood_schedule_notes,tests/unit/mood-notes-gate.test.ts,금액·예약·정산·잔액 변경 및 실제 처리 별도 승인,2026-09-23,
미완료,MOOD-10,웹,MOOD,mood_admin,업체 주소록 관리,/admin,주소 목록 조회 | 주소 추가·수정·삭제 | 담당자 중복 정책은 서버에서 처리,부분 검증,P1 검증,"/mood 공통 로그인 안내만 확인; 해당 내부 기능 미실행 / 1440·390px, API·외부통신 차단",기능별 추가 실행 없음; 관련 테스트 파일 존재만 확인,미확인: 실제 계정·저장·발송·결제 완료를 뜻하지 않음,주소록 변경·실제 지오코딩은 실행하지 않음,해당 역할에서 정상 흐름 및 필수입력·서버 오류·중복제출(해당 시)을 검증하고 결과와 날짜를 기록,src/components/admin/MoodPlacesManager.tsx:24; src/components/admin/MoodPlacesManager.tsx:108; src/components/admin/MoodPlacesManager.tsx:136,/api/mood-places | Firestore mood_places,tests/unit/mood-places-upsert.test.ts,금액·예약·정산·잔액 변경 및 실제 처리 별도 승인,2026-09-23,
미완료,MOOD-11,웹,MOOD,mood_portal,예약 변경 제안·확정,/mood,일정·경로 변경 제안 | 변경 금액 확인 | 제안 철회 | 상대방 승인 후 변경,부분 검증 — 로컬 실행 범위만 확인; 운영 미확인,P1 검증,"/mood 공통 로그인 안내만 확인; 해당 내부 기능 미실행 / 1440·390px, API·외부통신 차단",실제 390px 예약변경 UI: 경유지 순서→견적→제안/승인 payload 대표 1케이스 통과. API 호출 없는 dev-ui 경계.,미확인: 실제 계정·저장·발송·결제 완료를 뜻하지 않음,실제 저장된 예약의 승인/경합/반영은 별도 검증,해당 역할에서 정상 흐름 및 필수입력·서버 오류·중복제출(해당 시)을 검증하고 결과와 날짜를 기록,src/components/mood/MoodBookingChangeModal.tsx:631; src/components/mood/MoodBookingChangeModal.tsx:1396,/api/mood-change | /api/mood-parse-schedule | /api/mood-route,tests/unit/mood-change.test.ts | tests/unit/mood-booking-change-route.component.test.tsx | tests/e2e/mood-booking-change-route.spec.ts,금액·예약·정산·잔액 변경 및 실제 처리 별도 승인,2026-09-23,"Astra 통합/검수, Luna 구현·검사. 실행별 상세: docs/qa/README.md 및 플래너 점검 기록"
미완료,MOOD-12,웹,MOOD,mood_portal,예약 취소,/mood,취소 사유 확인 | 예약 취소 요청,부분 검증,P1 검증,"/mood 공통 로그인 안내만 확인; 해당 내부 기능 미실행 / 1440·390px, API·외부통신 차단",기능별 추가 실행 없음; 관련 테스트 파일 존재만 확인,미확인: 실제 계정·저장·발송·결제 완료를 뜻하지 않음,예약 취소는 실행하지 않음,해당 역할에서 정상 흐름 및 필수입력·서버 오류·중복제출(해당 시)을 검증하고 결과와 날짜를 기록,src/pages/MoodPortal.tsx:1085; src/pages/MoodPortal.tsx:1089; src/pages/MoodPortal.tsx:2369,/api/mood-cancel | Firestore mood_bookings,tests/unit/mood-cancel.test.ts,금액·예약·정산·잔액 변경 및 실제 처리 별도 승인,2026-09-23,
미완료,MOOD-13,웹,MOOD,mood_portal,운행 정산 금액 미리보기·제안·수정,/mood,실제 시간·거리·톨비 입력 | 정산 미리보기 | 정산 제안 | 정산 정정안 제시,부분 검증,P1 검증,"/mood 공통 로그인 안내만 확인; 해당 내부 기능 미실행 / 1440·390px, API·외부통신 차단",기능별 추가 실행 없음; 관련 테스트 파일 존재만 확인,미확인: 실제 계정·저장·발송·결제 완료를 뜻하지 않음,정산 계산·제안·수정 요청은 실행하지 않음,해당 역할에서 정상 흐름 및 필수입력·서버 오류·중복제출(해당 시)을 검증하고 결과와 날짜를 기록,src/components/mood/MoodSettlementEditor.tsx:410; src/components/mood/MoodSettlementEditor.tsx:450,/api/mood-settle-preview | /api/mood-settle | /api/mood-settle-correct,tests/unit/mood-settle.test.ts | tests/unit/mood-settle-correction.test.ts | tests/unit/mood-settle-actual-distance-toll.test.ts | tests/unit/mood-settlement-dual-confirm.component.test.tsx,금액·예약·정산·잔액 변경 및 실제 처리 별도 승인,2026-09-23,
미완료,MOOD-14,웹,MOOD,mood_portal,정산 제안 승인·수정요청,/mood,정산 금액 최종 승인 | 수정 요청 | 요청 철회,부분 검증,P1 검증,"/mood 공통 로그인 안내만 확인; 해당 내부 기능 미실행 / 1440·390px, API·외부통신 차단",기능별 추가 실행 없음; 관련 테스트 파일 존재만 확인,미확인: 실제 계정·저장·발송·결제 완료를 뜻하지 않음,승인·수정요청·철회는 실행하지 않음,해당 역할에서 정상 흐름 및 필수입력·서버 오류·중복제출(해당 시)을 검증하고 결과와 날짜를 기록,src/components/mood/MoodSettlementEditor.tsx:662; src/components/mood/MoodSettlementEditor.tsx:721,"/api/mood-settle-respond | Firestore mood_settlement_proposals, mood_settlement_audit",tests/unit/mood-settle-respond.test.ts | tests/unit/mood-settlement-dual-confirm.component.test.tsx,금액·예약·정산·잔액 변경 및 실제 처리 별도 승인,2026-09-23,
미완료,MOOD-15,웹,MOOD,mood_portal,예약 내역서·경로 포함 공유,/mood,예약 내역서 상세 보기 | 예약·경로 요약 복사/공유,부분 검증,P1 검증,"/mood 공통 로그인 안내만 확인; 해당 내부 기능 미실행 / 1440·390px, API·외부통신 차단",기능별 추가 실행 없음; 관련 테스트 파일 존재만 확인,미확인: 실제 계정·저장·발송·결제 완료를 뜻하지 않음,브라우저 공유·클립보드 실제 환경은 확인하지 않음,해당 역할에서 정상 흐름 및 필수입력·서버 오류·중복제출(해당 시)을 검증하고 결과와 날짜를 기록,src/pages/MoodPortal.tsx:2470; src/pages/MoodPortal.tsx:2492,/api/mood-route | Firestore mood_bookings via /api/mood-data,tests/unit/mood-receipt-detail.component.test.tsx | tests/unit/mood-booking-share.component.test.tsx | tests/unit/mood-booking-share.test.ts,금액·예약·정산·잔액 변경 및 실제 처리 별도 승인,2026-09-23,
미완료,MOOD-16,웹,MOOD,mood_portal,방문지별 비용 부담 비율 설정,/mood,방문지별 MOOD/인플루언서 부담 비율 조정,부분 검증,P1 검증,"/mood 공통 로그인 안내만 확인; 해당 내부 기능 미실행 / 1440·390px, API·외부통신 차단",기능별 추가 실행 없음; 관련 테스트 파일 존재만 확인,미확인: 실제 계정·저장·발송·결제 완료를 뜻하지 않음,저장·최종 청구 영향은 실행하지 않음,해당 역할에서 정상 흐름 및 필수입력·서버 오류·중복제출(해당 시)을 검증하고 결과와 날짜를 기록,src/pages/MoodPortal.tsx:2018; src/components/mood/MoodAiBooking.tsx:1232; src/components/mood/MoodBookingChangeModal.tsx:1761,"예약·변경·정산 데이터에 포함 | /api/mood-book, /api/mood-change, /api/mood-settle",tests/unit/mood-course-share-percentages.test.ts | tests/unit/mood-course-payers-backend.test.ts,금액·예약·정산·잔액 변경 및 실제 처리 별도 승인,2026-09-23,
미완료,web-content-draft,웹·Brain·Python 연결,연결 운영,콘텐츠·SNS,"웹 cron은 공개 식당 색인에서 하루 소재를 고르고, 선택적으로 Gemini 초안을 생성해 Firestore content_drafts 및 관리자 의사결정 큐에 저장하고 Telegram 검토 알림을 보냄. 자동 게시 코드는 이 경로에 없음.",연결 API/작업: 코드 근거 참조,"웹 cron은 공개 식당 색인에서 하루 소재를 고르고, 선택적으로 Gemini 초안을 생성해 Firestore content_drafts 및 관리자 의사결정 큐에 저장하고 Telegram 검토 알림을 보냄. 자동 게시 코드는 이 경로에 없음.",코드 존재·기능 실행 미확인,P1 검증,이번 화면 검사 대상 아님,기능별 추가 실행 없음; 관련 테스트 파일 존재만 확인,미확인: 실제 계정·저장·발송·결제 완료를 뜻하지 않음,실제 cron 실행/Firestore 저장/Telegram 수신은 코드만으로 미확인. Brain 소셜 제작 파이프라인과 같은 큐를 공유하는 직접 연결은 이 코드에서 확인되지 않음.,해당 역할에서 정상 흐름 및 필수입력·서버 오류·중복제출(해당 시)을 검증하고 결과와 날짜를 기록,🌐웹 api/_crons/content-draft.js | 🌐웹 api/_shared/contentDraftSelector.js | 🌐웹 api/_shared/decisionQueue.js,cron 인증 | Firestore | CONTENT_WORKER_ENABLED | GEMINI_API_KEY(초안 선택 기능) | 운영자 Telegram,"소스에서 날짜별 kst-{dayIndex} 저장, 10분 생성 lease/token, 기존 draft 재사용, decision enqueue와 notify 실패 처리 확인. 현 턴 테스트·운영 호출 없음.",실발송·발행·외부 계정/키 변경 별도 승인,2026-09-23,
미완료,admin-approval-queue,웹·Brain·Python 연결,연결 운영,관리자 승인,관리자 인증 후 대기 결정을 읽고 승인/거절 상태로 바꿈. 승인만으로 외부 발행을 자동 실행하지 않는 승인 기록 층.,연결 API/작업: 코드 근거 참조,관리자 인증 후 대기 결정을 읽고 승인/거절 상태로 바꿈. 승인만으로 외부 발행을 자동 실행하지 않는 승인 기록 층.,코드 존재·기능 실행 미확인,P1 검증,이번 화면 검사 대상 아님,기능별 추가 실행 없음; 관련 테스트 파일 존재만 확인,미확인: 실제 계정·저장·발송·결제 완료를 뜻하지 않음,관리자 화면에서 현재 실제 대기 항목과 승인 이후 별도 게시 절차가 동작하는지는 미확인.,해당 역할에서 정상 흐름 및 필수입력·서버 오류·중복제출(해당 시)을 검증하고 결과와 날짜를 기록,🌐웹 api/admin-decisions.js | 🌐웹 api/_shared/decisionQueue.js | 🌐웹 src/pages/AdminDecisions.tsx,관리자 인증 | Firestore decision_queue,코드 경로에 GET pending 조회와 POST approve/reject 존재; resolveDecision은 큐 상태 변경. 실행 검증 없음.,실발송·발행·외부 계정/키 변경 별도 승인,2026-09-23,
미완료,admin-ops-inbox,웹·Brain·Python 연결,연결 운영,관리자 운영센터·문의,AI 운영센터 read model이 예약·문의·CS·결제 검토·의사결정 및 재시도 상태를 수집해 개인정보를 제거한 관리자 상태 응답으로 합침. 웹 문의 답변은 별도 승인/전달 경로.,연결 API/작업: 코드 근거 참조,AI 운영센터 read model이 예약·문의·CS·결제 검토·의사결정 및 재시도 상태를 수집해 개인정보를 제거한 관리자 상태 응답으로 합침. 웹 문의 답변은 별도 승인/전달 경로.,부분 검증 — 로컬 실행 범위만 확인; 운영 미확인,P1 검증,이번 화면 검사 대상 아님,실제 문의 응답 workflow 50개·API 3개·Telegram relay 중복 처리 39개 통과. SMTP/Telegram 경계 대역; 전달 성공 아님.,미확인: 실제 계정·저장·발송·결제 완료를 뜻하지 않음,운영 문의와 응답 메시지의 동일 ID/최종 전달 상태 확인,해당 역할에서 정상 흐름 및 필수입력·서버 오류·중복제출(해당 시)을 검증하고 결과와 날짜를 기록,🌐웹 api/admin-ai-ops-center.js | 🌐웹 src/pages/AdminAiOpsCenter.tsx | 🌐웹 api/admin-inquiry-response.js | 🌐웹 api/_shared/inquiry-response-delivery.js,관리자 인증 | Firestore 여러 컬렉션 | 메일 전송 설정(승인 답변 전달 시),코드에서 Promise.allSettled로 부분 실패를 표시하고 고객 식별정보를 제외함; 문의 응답 API에 draft/approve-send/retry/manual 상태 경로가 있음. 운영 데이터 읽기 금지 조건으로 실행하지 않음.,실발송·발행·외부 계정/키 변경 별도 승인,2026-09-23,"Astra 통합/검수, Luna 구현·검사. 실행별 상세: docs/qa/README.md 및 플래너 점검 기록"
미완료,company-gmail-inbox-reply,웹·Brain·Python 연결,연결 운영,회사 받은편지함,"웹 cron이 등록된 회사 Gmail inbox를 동기화하고, 관리자 답장 API가 외부 inbox 답장 resolver/sender를 통해 수동 답장을 보냄.",연결 API/작업: 코드 근거 참조,"웹 cron이 등록된 회사 Gmail inbox를 동기화하고, 관리자 답장 API가 외부 inbox 답장 resolver/sender를 통해 수동 답장을 보냄.",코드 존재·기능 실행 미확인,P1 검증,이번 화면 검사 대상 아님,기능별 추가 실행 없음; 관련 테스트 파일 존재만 확인,미확인: 실제 계정·저장·발송·결제 완료를 뜻하지 않음,현재 연결 계정 상태·새 메일 수신·실답장 성공은 이번 감사에서 인증/메일함을 열지 않아 미확인.,해당 역할에서 정상 흐름 및 필수입력·서버 오류·중복제출(해당 시)을 검증하고 결과와 날짜를 기록,🌐웹 api/_crons/company-gmail-inbox-sweep.js | 🌐웹 api/_shared/company-gmail-inbox.js | 🌐웹 api/admin-company-email-reply.js | 🌐웹 api/_shared/company-gmail-reply-source.js | 🌐웹 api/_shared/company-gmail-reply-sender.js,cron/admin 인증 | Gmail OAuth refresh 자격증명 및 계정 registry | Firestore inbox 저장,코드상 sweep 및 별도 관리자 reply 경로 존재. Brain SHARED-WORKLOG의 2026-09-13 기록은 본인 시험메일 roundtrip을 당시 확인했고 고객 자동답장은 OFF로 기록; 현 상태의 재확인은 아님.,실발송·발행·외부 계정/키 변경 별도 승인,2026-09-23,
미완료,owner-mobile-notifications,웹·Brain·Python 연결,연결 운영,운영자 모바일 알림,"웹 push 알림 sweep/test/reconnect 경로가 예약·문의 이벤트를 소유자에게 알리며, 정책·진단·cursor 보존 로직이 있음.",연결 API/작업: 코드 근거 참조,"웹 push 알림 sweep/test/reconnect 경로가 예약·문의 이벤트를 소유자에게 알리며, 정책·진단·cursor 보존 로직이 있음.",코드 존재·기능 실행 미확인,P1 검증,이번 화면 검사 대상 아님,기능별 추가 실행 없음; 관련 테스트 파일 존재만 확인,미확인: 실제 계정·저장·발송·결제 완료를 뜻하지 않음,현재 키 일치와 폰 표시 여부는 운영자/Production 설정·실기기 확인 전까지 미확인. 과거 키 불일치 기록을 현 장애로 단정할 수 없음.,해당 역할에서 정상 흐름 및 필수입력·서버 오류·중복제출(해당 시)을 검증하고 결과와 날짜를 기록,🌐웹 api/_crons/owner-notification-sweep.js | 🌐웹 api/_shared/owner-notification-delivery.js | 🌐웹 api/_shared/owner-notification-reconnect.js | 🌐웹 api/_shared/owner-notification-diagnostics.js | 🌐웹 api/_shared/owner-vapid-diagnostics.js,VAPID 공개/비밀 키 | Firestore 구독·전달 상태 | 브라우저 알림 권한/서비스워커 | 관리자 권한,소스에 구독 진단·재연결·cursor 유지 구성 확인. SHARED-WORKLOG 2026-09-13는 키 쌍 불일치를 운영자 키 교정 관문으로 기록했고 이후 구독 시험 수신도 당시 완료 기록이 있으나 최신 상태 아님.,실발송·발행·외부 계정/키 변경 별도 승인,2026-09-23,
미완료,brain-web-ops-bridge,웹·Brain·Python 연결,연결 운영,Brain↔웹 운영현황,Brain ops.v1 ledger/audit 결과를 허용된 산출물로 내보내고 웹은 주입된 ops.v1만 읽기 전용으로 모닝 브리핑/결정 큐에 투영. Vercel 웹은 로컬 Brain 경로를 직접 읽지 않음.,연결 API/작업: 코드 근거 참조,Brain ops.v1 ledger/audit 결과를 허용된 산출물로 내보내고 웹은 주입된 ops.v1만 읽기 전용으로 모닝 브리핑/결정 큐에 투영. Vercel 웹은 로컬 Brain 경로를 직접 읽지 않음.,코드 존재·기능 실행 미확인,P1 검증,이번 화면 검사 대상 아님,기능별 추가 실행 없음; 관련 테스트 파일 존재만 확인,미확인: 실제 계정·저장·발송·결제 완료를 뜻하지 않음,최신 산출물의 생성·전달·import 주기와 현재 웹 반영은 미확인. 직접 실시간 연결로 간주하면 안 됨.,해당 역할에서 정상 흐름 및 필수입력·서버 오류·중복제출(해당 시)을 검증하고 결과와 날짜를 기록,🧠Brain brain/ops_ledger.py | 🧠Brain brain/web_design_import.py | 🌐웹 api/_shared/opsBriefingBridge.js | 🌐웹 scripts/apply-brain-guide-projection.lib.mjs,Brain에서 생성한 ops.v1/artifact | 별도 import/apply 단계 | 웹 브리핑 호출자가 JSON 주입,웹 bridge는 schema/status 필드만 소비하고 Brain 파일시스템·Firestore를 직접 읽고 쓰지 않는다고 코드 주석과 구현이 명시. Brain import는 읽기전용 근거·크기·스키마를 검증. 현 턴 실행 없음.,실발송·발행·외부 계정/키 변경 별도 승인,2026-09-23,
미완료,brain-guide-projection,웹·Brain·Python 연결,연결 운영,가이드·콘텐츠 공유,Brain 승인된 여행 가이드 manifest를 웹 guide 문서 형식으로 변환하고 검증하며 명시적인 apply 단계로 반영하는 도구 경로.,연결 API/작업: 코드 근거 참조,Brain 승인된 여행 가이드 manifest를 웹 guide 문서 형식으로 변환하고 검증하며 명시적인 apply 단계로 반영하는 도구 경로.,코드 존재·기능 실행 미확인,P1 검증,이번 화면 검사 대상 아님,기능별 추가 실행 없음; 관련 테스트 파일 존재만 확인,미확인: 실제 계정·저장·발송·결제 완료를 뜻하지 않음,가장 최신 manifest 존재·검증 통과·웹 반영 여부는 확인하지 않음.,해당 역할에서 정상 흐름 및 필수입력·서버 오류·중복제출(해당 시)을 검증하고 결과와 날짜를 기록,🧠Brain brain/guide_web_handoff.py | 🌐웹 scripts/brain-guide-projection.lib.mjs | 🌐웹 scripts/apply-brain-guide-projection.lib.mjs | 🌐웹 scripts/apply-brain-guide-projection.mjs,Brain handoff manifest | 라이선스/사실 검증 | 명시적 --apply 실행 및 지정 문서 경로,검증·변환·apply 분리 코드 존재. 이 감사는 읽기 전용이며 실제 산출물 import/apply를 하지 않음.,실발송·발행·외부 계정/키 변경 별도 승인,2026-09-23,
미완료,api-key-configuration,웹·Brain·Python 연결,연결 운영,API 키·연동 설정,"웹 기능은 GEMINI, Gmail OAuth, VAPID 등 설정값의 존재/준비 상태를 서버에서 확인하지만 제품 화면에서 비밀 키를 발급·교체하는 기능은 이번 코드 범위에서 찾지 못함. 설정은 배포 제공자 또는 외부 공급자 자격증명 경로에 의존.",연결 API/작업: 코드 근거 참조,"웹 기능은 GEMINI, Gmail OAuth, VAPID 등 설정값의 존재/준비 상태를 서버에서 확인하지만 제품 화면에서 비밀 키를 발급·교체하는 기능은 이번 코드 범위에서 찾지 못함. 설정은 배포 제공자 또는 외부 공급자 자격증명 경로에 의존.",코드 존재·기능 실행 미확인,P1 검증,이번 화면 검사 대상 아님,기능별 추가 실행 없음; 관련 테스트 파일 존재만 확인,미확인: 실제 계정·저장·발송·결제 완료를 뜻하지 않음,"키 값·유효성·현재 공급자 연결상태는 미확인. 새 플러그인/API가 이를 대체하지 않으며, 실제 키 관리는 기존 Vercel/공급자 제어면을 써야 함.",해당 역할에서 정상 흐름 및 필수입력·서버 오류·중복제출(해당 시)을 검증하고 결과와 날짜를 기록,🌐웹 api/_shared/serviceRegistry.js | 🌐웹 api/_shared/ownerDispatchReadiness.js | 🌐웹 api/_shared/company-gmail-inbox.js | 🧠Brain brain/config_doctor.py,Vercel 환경 변수/Secret 관리 | 공급자 OAuth·키 발급 화면 | Brain 로컬 환경 설정,코드에서 readiness/누락 상태 판별과 키 이름만 확인. 비밀값·환경 파일 읽기 금지로 미열람.,실발송·발행·외부 계정/키 변경 별도 승인,2026-09-23,
미완료,whatsapp-inbox,웹·Brain·Python 연결,연결 운영,외부 채널 연동,웹에는 WhatsApp inbox webhook/readiness 및 관리자 수동 답장 경로가 있으나 업무번호 연결과 공급자 설정에 종속.,연결 API/작업: 코드 근거 참조,웹에는 WhatsApp inbox webhook/readiness 및 관리자 수동 답장 경로가 있으나 업무번호 연결과 공급자 설정에 종속.,코드 존재·기능 실행 미확인,P1 검증,이번 화면 검사 대상 아님,기능별 추가 실행 없음; 관련 테스트 파일 존재만 확인,미확인: 실제 계정·저장·발송·결제 완료를 뜻하지 않음,현재 Meta 설정과 실제 업무번호 송수신은 외부 운영 확인 관문; 이 감사에서 호출하지 않음.,해당 역할에서 정상 흐름 및 필수입력·서버 오류·중복제출(해당 시)을 검증하고 결과와 날짜를 기록,🌐웹 api/_shared/whatsapp-inbox.js | 🌐웹 api/admin-whatsapp-reply.js | 🌐웹 src/components/AdminChannelReadiness.tsx,Meta Business 업무번호·webhook 검증 설정 | 관리자 인증 | 수신/답장 동의 설정,코드상 연결 준비/응답 경로 존재. SHARED-WORKLOG 2026-09-14 기록 당시 시험 WABA/번호만 있고 업무번호 미연결·실제 수신/답장 OFF로 기록; 해당 날짜 스냅샷.,실발송·발행·외부 계정/키 변경 별도 승인,2026-09-23,
